"","date","site","network_position","param","result"
"1",1985-05-09,"ALB_CAMP","15","daily_dis_m3",4462
"2",1985-05-16,"ALB_CAMP","15","daily_dis_m3",3706
"3",1985-05-23,"ALB_CAMP","15","daily_dis_m3",4438
"4",1985-05-30,"ALB_CAMP","15","daily_dis_m3",14191
"5",1985-06-13,"ALB_CAMP","15","daily_dis_m3",49471
"6",1985-06-20,"ALB_CAMP","15","daily_dis_m3",51299
"7",1985-06-27,"ALB_CAMP","15","daily_dis_m3",48459
"8",1985-07-02,"ALB_CAMP","15","daily_dis_m3",46083
"9",1985-07-04,"ALB_CAMP","15","daily_dis_m3",37178
"10",1985-07-08,"ALB_CAMP","15","daily_dis_m3",27994
"11",1985-07-11,"ALB_CAMP","15","daily_dis_m3",21601
"12",1985-07-16,"ALB_CAMP","15","daily_dis_m3",22124
"13",1985-07-18,"ALB_CAMP","15","daily_dis_m3",29645
"14",1985-07-22,"ALB_CAMP","15","daily_dis_m3",25362
"15",1985-07-25,"ALB_CAMP","15","daily_dis_m3",16077
"16",1985-07-29,"ALB_CAMP","15","daily_dis_m3",16731
"17",1985-08-01,"ALB_CAMP","15","daily_dis_m3",7890
"18",1985-08-08,"ALB_CAMP","15","daily_dis_m3",9151
"19",1985-08-15,"ALB_CAMP","15","daily_dis_m3",2765
"20",1985-08-22,"ALB_CAMP","15","daily_dis_m3",2084
"21",1985-08-29,"ALB_CAMP","15","daily_dis_m3",1482
"22",1985-09-05,"ALB_CAMP","15","daily_dis_m3",3055
"23",1985-09-12,"ALB_CAMP","15","daily_dis_m3",1670
"24",1985-09-19,"ALB_CAMP","15","daily_dis_m3",2306
"25",1985-09-26,"ALB_CAMP","15","daily_dis_m3",17232
"26",1985-10-03,"ALB_CAMP","15","daily_dis_m3",8705
"27",1986-05-08,"ALB_CAMP","15","daily_dis_m3",2771
"28",1986-05-15,"ALB_CAMP","15","daily_dis_m3",3176
"29",1986-05-22,"ALB_CAMP","15","daily_dis_m3",9795
"30",1986-06-05,"ALB_CAMP","15","daily_dis_m3",40309
"31",1986-06-12,"ALB_CAMP","15","daily_dis_m3",37454
"32",1986-07-10,"ALB_CAMP","15","daily_dis_m3",53709
"33",1986-07-17,"ALB_CAMP","15","daily_dis_m3",49696
"34",1986-07-24,"ALB_CAMP","15","daily_dis_m3",39311
"35",1986-07-31,"ALB_CAMP","15","daily_dis_m3",22272
"36",1986-08-07,"ALB_CAMP","15","daily_dis_m3",9254
"37",1986-08-14,"ALB_CAMP","15","daily_dis_m3",3626
"38",1986-08-21,"ALB_CAMP","15","daily_dis_m3",4911
"39",1986-08-28,"ALB_CAMP","15","daily_dis_m3",8290
"40",1986-09-04,"ALB_CAMP","15","daily_dis_m3",7375
"41",1986-09-11,"ALB_CAMP","15","daily_dis_m3",3839
"42",1986-09-18,"ALB_CAMP","15","daily_dis_m3",4777
"43",1986-09-25,"ALB_CAMP","15","daily_dis_m3",3646
"44",1987-05-07,"ALB_CAMP","15","daily_dis_m3",3416
"45",1987-05-14,"ALB_CAMP","15","daily_dis_m3",8488
"46",1987-05-21,"ALB_CAMP","15","daily_dis_m3",13105
"47",1987-05-28,"ALB_CAMP","15","daily_dis_m3",4072
"48",1987-06-04,"ALB_CAMP","15","daily_dis_m3",12065
"49",1987-06-11,"ALB_CAMP","15","daily_dis_m3",28958
"50",1987-06-18,"ALB_CAMP","15","daily_dis_m3",14064
"51",1987-06-25,"ALB_CAMP","15","daily_dis_m3",9437
"52",1987-07-09,"ALB_CAMP","15","daily_dis_m3",4764
"53",1987-07-23,"ALB_CAMP","15","daily_dis_m3",4454
"54",1987-08-06,"ALB_CAMP","15","daily_dis_m3",4253
"55",1988-05-17,"ALB_CAMP","15","daily_dis_m3",10339
"56",1988-05-26,"ALB_CAMP","15","daily_dis_m3",16321
"57",1988-06-02,"ALB_CAMP","15","daily_dis_m3",12137
"58",1988-06-16,"ALB_CAMP","15","daily_dis_m3",38790
"59",1988-06-30,"ALB_CAMP","15","daily_dis_m3",30157
"60",1988-07-14,"ALB_CAMP","15","daily_dis_m3",12090
"61",1988-07-28,"ALB_CAMP","15","daily_dis_m3",7331
"62",1988-08-11,"ALB_CAMP","15","daily_dis_m3",4462
"63",1988-09-08,"ALB_CAMP","15","daily_dis_m3",1484
"64",1988-09-22,"ALB_CAMP","15","daily_dis_m3",3005
"65",1989-05-18,"ALB_CAMP","15","daily_dis_m3",3788
"66",1989-05-25,"ALB_CAMP","15","daily_dis_m3",6605
"67",1989-06-08,"ALB_CAMP","15","daily_dis_m3",15776
"68",1989-06-22,"ALB_CAMP","15","daily_dis_m3",33564
"69",1989-07-06,"ALB_CAMP","15","daily_dis_m3",35351
"70",1989-07-20,"ALB_CAMP","15","daily_dis_m3",17102
"71",1989-08-03,"ALB_CAMP","15","daily_dis_m3",29966
"72",1989-08-17,"ALB_CAMP","15","daily_dis_m3",14250
"73",1989-08-31,"ALB_CAMP","15","daily_dis_m3",4922
"74",1989-09-14,"ALB_CAMP","15","daily_dis_m3",6467
"75",1989-09-28,"ALB_CAMP","15","daily_dis_m3",4686
"76",1990-05-18,"ALB_CAMP","15","daily_dis_m3",1354
"77",1990-05-29,"ALB_CAMP","15","daily_dis_m3",3938
"78",1990-05-31,"ALB_CAMP","15","daily_dis_m3",7371
"79",1990-06-07,"ALB_CAMP","15","daily_dis_m3",49380
"80",1990-07-19,"ALB_CAMP","15","daily_dis_m3",43279
"81",1990-08-02,"ALB_CAMP","15","daily_dis_m3",17499
"82",1990-08-16,"ALB_CAMP","15","daily_dis_m3",6841
"83",1990-08-30,"ALB_CAMP","15","daily_dis_m3",5043
"84",1990-09-13,"ALB_CAMP","15","daily_dis_m3",4746
"85",1990-10-04,"ALB_CAMP","15","daily_dis_m3",3178
"86",1991-05-17,"ALB_CAMP","15","daily_dis_m3",2208
"87",1991-05-24,"ALB_CAMP","15","daily_dis_m3",12699
"88",1991-05-31,"ALB_CAMP","15","daily_dis_m3",34621
"89",1991-06-27,"ALB_CAMP","15","daily_dis_m3",56951
"90",1991-07-11,"ALB_CAMP","15","daily_dis_m3",40436
"91",1991-07-23,"ALB_CAMP","15","daily_dis_m3",48404
"92",1991-08-08,"ALB_CAMP","15","daily_dis_m3",29491
"93",1991-08-22,"ALB_CAMP","15","daily_dis_m3",16520
"94",1991-09-05,"ALB_CAMP","15","daily_dis_m3",5976
"95",1991-09-19,"ALB_CAMP","15","daily_dis_m3",6043
"96",1991-10-03,"ALB_CAMP","15","daily_dis_m3",1200
"97",1992-05-28,"ALB_CAMP","15","daily_dis_m3",12779
"98",1992-06-04,"ALB_CAMP","15","daily_dis_m3",12933
"99",1992-06-11,"ALB_CAMP","15","daily_dis_m3",18323
"100",1992-06-18,"ALB_CAMP","15","daily_dis_m3",8580
"101",1992-07-23,"ALB_CAMP","15","daily_dis_m3",58191
"102",1992-08-04,"ALB_CAMP","15","daily_dis_m3",31473
"103",1992-08-13,"ALB_CAMP","15","daily_dis_m3",16337
"104",1992-08-27,"ALB_CAMP","15","daily_dis_m3",31446
"105",1992-09-10,"ALB_CAMP","15","daily_dis_m3",10140
"106",1992-09-24,"ALB_CAMP","15","daily_dis_m3",11687
"107",1992-10-08,"ALB_CAMP","15","daily_dis_m3",22218
"108",1993-05-12,"ALB_CAMP","15","daily_dis_m3",2662
"109",1993-05-20,"ALB_CAMP","15","daily_dis_m3",20261
"110",1993-05-27,"ALB_CAMP","15","daily_dis_m3",56953
"111",1993-06-03,"ALB_CAMP","15","daily_dis_m3",43429
"112",1993-06-10,"ALB_CAMP","15","daily_dis_m3",23774
"113",1993-07-01,"ALB_CAMP","15","daily_dis_m3",15199
"114",1993-07-08,"ALB_CAMP","15","daily_dis_m3",8429
"115",1993-08-12,"ALB_CAMP","15","daily_dis_m3",56637
"116",1993-08-19,"ALB_CAMP","15","daily_dis_m3",25362
"117",1993-08-26,"ALB_CAMP","15","daily_dis_m3",19809
"118",1993-09-02,"ALB_CAMP","15","daily_dis_m3",9907
"119",1993-09-09,"ALB_CAMP","15","daily_dis_m3",4735
"120",1993-09-23,"ALB_CAMP","15","daily_dis_m3",4383
"121",1993-09-30,"ALB_CAMP","15","daily_dis_m3",5781
"122",1993-10-07,"ALB_CAMP","15","daily_dis_m3",8211
"123",1993-10-14,"ALB_CAMP","15","daily_dis_m3",4286
"124",1993-10-28,"ALB_CAMP","15","daily_dis_m3",3337
"125",1993-11-11,"ALB_CAMP","15","daily_dis_m3",3173
"126",1993-11-25,"ALB_CAMP","15","daily_dis_m3",2280
"127",1993-12-16,"ALB_CAMP","15","daily_dis_m3",2325
"128",1993-12-30,"ALB_CAMP","15","daily_dis_m3",1418
"129",1994-01-11,"ALB_CAMP","15","daily_dis_m3",2468
"130",1994-01-28,"ALB_CAMP","15","daily_dis_m3",2428
"131",1994-03-04,"ALB_CAMP","15","daily_dis_m3",1950
"132",1994-03-25,"ALB_CAMP","15","daily_dis_m3",53881
"133",1994-04-08,"ALB_CAMP","15","daily_dis_m3",2671
"134",1994-05-02,"ALB_CAMP","15","daily_dis_m3",3222
"135",1994-05-11,"ALB_CAMP","15","daily_dis_m3",10849
"136",1994-05-17,"ALB_CAMP","15","daily_dis_m3",14707
"137",1994-05-19,"ALB_CAMP","15","daily_dis_m3",16915
"138",1994-05-26,"ALB_CAMP","15","daily_dis_m3",14351
"139",1994-06-02,"ALB_CAMP","15","daily_dis_m3",21638
"140",1994-06-09,"ALB_CAMP","15","daily_dis_m3",16411
"141",1994-06-16,"ALB_CAMP","15","daily_dis_m3",16645
"142",1994-06-23,"ALB_CAMP","15","daily_dis_m3",57927
"143",1994-06-30,"ALB_CAMP","15","daily_dis_m3",25394
"144",1994-07-07,"ALB_CAMP","15","daily_dis_m3",19244
"145",1994-07-14,"ALB_CAMP","15","daily_dis_m3",16738
"146",1994-07-21,"ALB_CAMP","15","daily_dis_m3",16443
"147",1994-07-28,"ALB_CAMP","15","daily_dis_m3",15757
"148",1994-08-04,"ALB_CAMP","15","daily_dis_m3",20743
"149",1994-08-11,"ALB_CAMP","15","daily_dis_m3",14310
"150",1994-08-18,"ALB_CAMP","15","daily_dis_m3",12267
"151",1994-08-25,"ALB_CAMP","15","daily_dis_m3",10423
"152",1994-09-01,"ALB_CAMP","15","daily_dis_m3",12946
"153",1994-09-08,"ALB_CAMP","15","daily_dis_m3",6296
"154",1994-09-15,"ALB_CAMP","15","daily_dis_m3",6597
"155",1994-09-22,"ALB_CAMP","15","daily_dis_m3",12149
"156",1994-09-29,"ALB_CAMP","15","daily_dis_m3",3626
"157",1994-10-13,"ALB_CAMP","15","daily_dis_m3",3021
"158",1994-10-27,"ALB_CAMP","15","daily_dis_m3",1710
"159",1994-11-24,"ALB_CAMP","15","daily_dis_m3",2137
"160",1994-12-08,"ALB_CAMP","15","daily_dis_m3",2416
"161",1994-12-22,"ALB_CAMP","15","daily_dis_m3",1954
"162",1994-12-29,"ALB_CAMP","15","daily_dis_m3",2078
"163",1995-01-05,"ALB_CAMP","15","daily_dis_m3",4240
"164",1995-02-03,"ALB_CAMP","15","daily_dis_m3",3083
"165",1995-03-29,"ALB_CAMP","15","daily_dis_m3",2950
"166",1995-04-28,"ALB_CAMP","15","daily_dis_m3",2451
"167",1995-05-05,"ALB_CAMP","15","daily_dis_m3",2444
"168",1995-05-12,"ALB_CAMP","15","daily_dis_m3",2574
"169",1995-05-19,"ALB_CAMP","15","daily_dis_m3",3761
"170",1995-05-23,"ALB_CAMP","15","daily_dis_m3",6983
"171",1995-05-31,"ALB_CAMP","15","daily_dis_m3",4964
"172",1995-06-08,"ALB_CAMP","15","daily_dis_m3",15682
"173",1995-07-27,"ALB_CAMP","15","daily_dis_m3",45807
"174",1995-08-03,"ALB_CAMP","15","daily_dis_m3",36025
"175",1995-08-10,"ALB_CAMP","15","daily_dis_m3",39547
"176",1995-08-17,"ALB_CAMP","15","daily_dis_m3",25515
"177",1995-08-24,"ALB_CAMP","15","daily_dis_m3",30659
"178",1995-08-31,"ALB_CAMP","15","daily_dis_m3",20579
"179",1995-09-07,"ALB_CAMP","15","daily_dis_m3",19605
"180",1995-09-14,"ALB_CAMP","15","daily_dis_m3",13245
"181",1995-09-21,"ALB_CAMP","15","daily_dis_m3",17177
"182",1995-09-28,"ALB_CAMP","15","daily_dis_m3",13321
"183",1995-10-05,"ALB_CAMP","15","daily_dis_m3",9398
"184",1995-10-30,"ALB_CAMP","15","daily_dis_m3",8194
"185",1996-01-08,"ALB_CAMP","15","daily_dis_m3",4001
"186",1996-02-12,"ALB_CAMP","15","daily_dis_m3",8290
"187",1996-03-06,"ALB_CAMP","15","daily_dis_m3",770
"188",1996-03-21,"ALB_CAMP","15","daily_dis_m3",11754
"189",1996-04-02,"ALB_CAMP","15","daily_dis_m3",2868
"190",1996-05-03,"ALB_CAMP","15","daily_dis_m3",2990
"191",1996-05-16,"ALB_CAMP","15","daily_dis_m3",29391
"192",1996-05-23,"ALB_CAMP","15","daily_dis_m3",26420
"193",1996-05-30,"ALB_CAMP","15","daily_dis_m3",17950
"194",1996-06-06,"ALB_CAMP","15","daily_dis_m3",43791
"195",1996-06-13,"ALB_CAMP","15","daily_dis_m3",55522
"196",1996-07-04,"ALB_CAMP","15","daily_dis_m3",55665
"197",1996-07-11,"ALB_CAMP","15","daily_dis_m3",39602
"198",1996-07-18,"ALB_CAMP","15","daily_dis_m3",38142
"199",1996-07-25,"ALB_CAMP","15","daily_dis_m3",24403
"200",1996-08-01,"ALB_CAMP","15","daily_dis_m3",26426
"201",1996-08-08,"ALB_CAMP","15","daily_dis_m3",17800
"202",1996-08-15,"ALB_CAMP","15","daily_dis_m3",15376
"203",1996-08-22,"ALB_CAMP","15","daily_dis_m3",16679
"204",1996-08-29,"ALB_CAMP","15","daily_dis_m3",13689
"205",1996-09-10,"ALB_CAMP","15","daily_dis_m3",10632
"206",1996-09-24,"ALB_CAMP","15","daily_dis_m3",13209
"207",1996-10-01,"ALB_CAMP","15","daily_dis_m3",10041
"208",1996-10-08,"ALB_CAMP","15","daily_dis_m3",12623
"209",1996-11-05,"ALB_CAMP","15","daily_dis_m3",8981
"210",1996-11-19,"ALB_CAMP","15","daily_dis_m3",5437
"211",1996-12-03,"ALB_CAMP","15","daily_dis_m3",5674
"212",1996-12-31,"ALB_CAMP","15","daily_dis_m3",23028
"213",1997-01-30,"ALB_CAMP","15","daily_dis_m3",5955
"214",1997-02-27,"ALB_CAMP","15","daily_dis_m3",4930
"215",1997-03-26,"ALB_CAMP","15","daily_dis_m3",2952
"216",1997-04-29,"ALB_CAMP","15","daily_dis_m3",3199
"217",1997-05-12,"ALB_CAMP","15","daily_dis_m3",7113
"218",1997-05-21,"ALB_CAMP","15","daily_dis_m3",29361
"219",1997-05-29,"ALB_CAMP","15","daily_dis_m3",19584
"220",1997-06-05,"ALB_CAMP","15","daily_dis_m3",29210
"221",1997-06-12,"ALB_CAMP","15","daily_dis_m3",29429
"222",1997-07-03,"ALB_CAMP","15","daily_dis_m3",40563
"223",1997-07-10,"ALB_CAMP","15","daily_dis_m3",40706
"224",1997-07-17,"ALB_CAMP","15","daily_dis_m3",33936
"225",1997-07-24,"ALB_CAMP","15","daily_dis_m3",37969
"226",1997-07-31,"ALB_CAMP","15","daily_dis_m3",52026
"227",1997-08-07,"ALB_CAMP","15","daily_dis_m3",28246
"228",1997-08-14,"ALB_CAMP","15","daily_dis_m3",37708
"229",1997-08-21,"ALB_CAMP","15","daily_dis_m3",17651
"230",1997-08-28,"ALB_CAMP","15","daily_dis_m3",18877
"231",1997-09-04,"ALB_CAMP","15","daily_dis_m3",21186
"232",1997-09-11,"ALB_CAMP","15","daily_dis_m3",17594
"233",1997-09-18,"ALB_CAMP","15","daily_dis_m3",11186
"234",1997-09-25,"ALB_CAMP","15","daily_dis_m3",19355
"235",1997-10-02,"ALB_CAMP","15","daily_dis_m3",20260
"236",1997-10-09,"ALB_CAMP","15","daily_dis_m3",4616
"237",1997-10-23,"ALB_CAMP","15","daily_dis_m3",3758
"238",1997-11-06,"ALB_CAMP","15","daily_dis_m3",7498
"239",1997-11-28,"ALB_CAMP","15","daily_dis_m3",6877
"240",1997-12-18,"ALB_CAMP","15","daily_dis_m3",4730
"241",1997-12-23,"ALB_CAMP","15","daily_dis_m3",5380
"242",1998-01-15,"ALB_CAMP","15","daily_dis_m3",5676
"243",1998-01-29,"ALB_CAMP","15","daily_dis_m3",4342
"244",1998-02-12,"ALB_CAMP","15","daily_dis_m3",4801
"245",1998-02-26,"ALB_CAMP","15","daily_dis_m3",3361
"246",1998-03-26,"ALB_CAMP","15","daily_dis_m3",4175
"247",1998-04-09,"ALB_CAMP","15","daily_dis_m3",3961
"248",1998-04-30,"ALB_CAMP","15","daily_dis_m3",3973
"249",1998-05-07,"ALB_CAMP","15","daily_dis_m3",5534
"250",1998-05-28,"ALB_CAMP","15","daily_dis_m3",25125
"251",1998-06-04,"ALB_CAMP","15","daily_dis_m3",24735
"252",1998-06-11,"ALB_CAMP","15","daily_dis_m3",21643
"253",1998-06-18,"ALB_CAMP","15","daily_dis_m3",23175
"254",1998-06-25,"ALB_CAMP","15","daily_dis_m3",45063
"255",1998-07-09,"ALB_CAMP","15","daily_dis_m3",40162
"256",1998-07-16,"ALB_CAMP","15","daily_dis_m3",28813
"257",1998-07-23,"ALB_CAMP","15","daily_dis_m3",24377
"258",1998-07-30,"ALB_CAMP","15","daily_dis_m3",43647
"259",1998-08-06,"ALB_CAMP","15","daily_dis_m3",32501
"260",1998-08-13,"ALB_CAMP","15","daily_dis_m3",22794
"261",1998-08-20,"ALB_CAMP","15","daily_dis_m3",23119
"262",1998-08-27,"ALB_CAMP","15","daily_dis_m3",20023
"263",1998-09-03,"ALB_CAMP","15","daily_dis_m3",12696
"264",1998-09-10,"ALB_CAMP","15","daily_dis_m3",12102
"265",1998-09-17,"ALB_CAMP","15","daily_dis_m3",12003
"266",1998-09-24,"ALB_CAMP","15","daily_dis_m3",11876
"267",1998-10-01,"ALB_CAMP","15","daily_dis_m3",11912
"268",1998-10-08,"ALB_CAMP","15","daily_dis_m3",11706
"269",1998-10-22,"ALB_CAMP","15","daily_dis_m3",2399
"270",1998-10-29,"ALB_CAMP","15","daily_dis_m3",4736
"271",1998-11-26,"ALB_CAMP","15","daily_dis_m3",2250
"272",1999-02-04,"ALB_CAMP","15","daily_dis_m3",2155
"273",1999-02-25,"ALB_CAMP","15","daily_dis_m3",15945
"274",1999-03-25,"ALB_CAMP","15","daily_dis_m3",480
"275",1999-05-27,"ALB_CAMP","15","daily_dis_m3",16931
"276",1999-06-03,"ALB_CAMP","15","daily_dis_m3",35975
"277",1999-06-10,"ALB_CAMP","15","daily_dis_m3",35206
"278",1999-06-17,"ALB_CAMP","15","daily_dis_m3",50985
"279",1999-06-24,"ALB_CAMP","15","daily_dis_m3",32339
"280",1999-07-08,"ALB_CAMP","15","daily_dis_m3",53596
"281",1999-07-15,"ALB_CAMP","15","daily_dis_m3",36863
"282",1999-07-22,"ALB_CAMP","15","daily_dis_m3",30891
"283",1999-07-29,"ALB_CAMP","15","daily_dis_m3",44518
"284",1999-08-05,"ALB_CAMP","15","daily_dis_m3",53522
"285",1999-08-12,"ALB_CAMP","15","daily_dis_m3",21731
"286",1999-08-19,"ALB_CAMP","15","daily_dis_m3",21699
"287",1999-08-26,"ALB_CAMP","15","daily_dis_m3",19320
"288",1999-09-02,"ALB_CAMP","15","daily_dis_m3",20237
"289",1999-09-07,"ALB_CAMP","15","daily_dis_m3",11738
"290",1999-09-14,"ALB_CAMP","15","daily_dis_m3",7492
"291",1999-09-21,"ALB_CAMP","15","daily_dis_m3",9641
"292",1999-09-28,"ALB_CAMP","15","daily_dis_m3",16169
"293",1999-10-05,"ALB_CAMP","15","daily_dis_m3",2786
"294",1999-10-12,"ALB_CAMP","15","daily_dis_m3",9357
"295",1999-10-26,"ALB_CAMP","15","daily_dis_m3",7466
"296",1999-11-09,"ALB_CAMP","15","daily_dis_m3",5800
"297",1999-11-23,"ALB_CAMP","15","daily_dis_m3",10160
"298",1999-12-28,"ALB_CAMP","15","daily_dis_m3",5344
"299",2000-01-20,"ALB_CAMP","15","daily_dis_m3",5133
"300",2000-02-17,"ALB_CAMP","15","daily_dis_m3",3876
"301",2000-03-07,"ALB_CAMP","15","daily_dis_m3",1032
"302",2000-03-30,"ALB_CAMP","15","daily_dis_m3",512
"303",2000-04-06,"ALB_CAMP","15","daily_dis_m3",438
"304",2000-04-18,"ALB_CAMP","15","daily_dis_m3",4197
"305",2000-04-27,"ALB_CAMP","15","daily_dis_m3",6631
"306",2000-05-04,"ALB_CAMP","15","daily_dis_m3",15297
"307",2000-05-11,"ALB_CAMP","15","daily_dis_m3",16355
"308",2000-05-18,"ALB_CAMP","15","daily_dis_m3",11650
"309",2000-05-25,"ALB_CAMP","15","daily_dis_m3",41369
"310",2000-06-01,"ALB_CAMP","15","daily_dis_m3",32946
"311",2000-06-08,"ALB_CAMP","15","daily_dis_m3",56486
"312",2000-06-15,"ALB_CAMP","15","daily_dis_m3",26658
"313",2000-06-22,"ALB_CAMP","15","daily_dis_m3",33545
"314",2000-06-29,"ALB_CAMP","15","daily_dis_m3",31128
"315",2000-07-06,"ALB_CAMP","15","daily_dis_m3",27364
"316",2000-07-13,"ALB_CAMP","15","daily_dis_m3",26122
"317",2000-07-20,"ALB_CAMP","15","daily_dis_m3",25824
"318",2000-07-27,"ALB_CAMP","15","daily_dis_m3",17123
"319",2000-08-10,"ALB_CAMP","15","daily_dis_m3",12839
"320",2000-08-24,"ALB_CAMP","15","daily_dis_m3",12394
"321",2000-09-07,"ALB_CAMP","15","daily_dis_m3",12448
"322",2000-09-21,"ALB_CAMP","15","daily_dis_m3",15922
"323",2000-10-05,"ALB_CAMP","15","daily_dis_m3",6323
"324",2000-10-19,"ALB_CAMP","15","daily_dis_m3",5954
"325",2000-10-26,"ALB_CAMP","15","daily_dis_m3",3264
"326",2000-11-16,"ALB_CAMP","15","daily_dis_m3",5443
"327",2000-12-07,"ALB_CAMP","15","daily_dis_m3",5198
"328",2000-12-21,"ALB_CAMP","15","daily_dis_m3",4841
"329",2001-01-23,"ALB_CAMP","15","daily_dis_m3",3257
"330",2001-02-06,"ALB_CAMP","15","daily_dis_m3",2619
"331",2001-03-01,"ALB_CAMP","15","daily_dis_m3",2261
"332",2001-03-15,"ALB_CAMP","15","daily_dis_m3",1286
"333",2001-04-10,"ALB_CAMP","15","daily_dis_m3",758
"334",2001-04-24,"ALB_CAMP","15","daily_dis_m3",699
"335",2001-04-28,"ALB_CAMP","15","daily_dis_m3",3677
"336",2001-05-03,"ALB_CAMP","15","daily_dis_m3",9053
"337",2001-05-10,"ALB_CAMP","15","daily_dis_m3",7023
"338",2001-05-17,"ALB_CAMP","15","daily_dis_m3",34541
"339",2001-05-24,"ALB_CAMP","15","daily_dis_m3",17550
"340",2001-05-25,"ALB_CAMP","15","daily_dis_m3",21015
"341",2001-05-31,"ALB_CAMP","15","daily_dis_m3",30438
"342",2001-06-07,"ALB_CAMP","15","daily_dis_m3",28231
"343",2001-06-14,"ALB_CAMP","15","daily_dis_m3",26456
"344",2001-06-21,"ALB_CAMP","15","daily_dis_m3",37781
"345",2001-06-28,"ALB_CAMP","15","daily_dis_m3",40098
"346",2001-07-05,"ALB_CAMP","15","daily_dis_m3",30209
"347",2001-07-12,"ALB_CAMP","15","daily_dis_m3",36746
"348",2001-07-19,"ALB_CAMP","15","daily_dis_m3",23102
"349",2001-07-26,"ALB_CAMP","15","daily_dis_m3",20620
"350",2001-08-02,"ALB_CAMP","15","daily_dis_m3",14880
"351",2001-08-09,"ALB_CAMP","15","daily_dis_m3",24460
"352",2001-08-13,"ALB_CAMP","15","daily_dis_m3",22330
"353",2001-08-16,"ALB_CAMP","15","daily_dis_m3",25426
"354",2001-08-23,"ALB_CAMP","15","daily_dis_m3",18519
"355",2001-08-30,"ALB_CAMP","15","daily_dis_m3",13159
"356",2001-09-06,"ALB_CAMP","15","daily_dis_m3",13292
"357",2001-09-13,"ALB_CAMP","15","daily_dis_m3",11124
"358",2001-09-25,"ALB_CAMP","15","daily_dis_m3",9496
"359",2001-09-27,"ALB_CAMP","15","daily_dis_m3",8812
"360",2001-10-02,"ALB_CAMP","15","daily_dis_m3",9637
"361",2001-10-09,"ALB_CAMP","15","daily_dis_m3",8111
"362",2002-01-08,"ALB_CAMP","15","daily_dis_m3",8167
"363",2002-02-07,"ALB_CAMP","15","daily_dis_m3",4191
"364",2002-02-28,"ALB_CAMP","15","daily_dis_m3",3990
"365",2002-03-28,"ALB_CAMP","15","daily_dis_m3",3574
"366",2002-04-16,"ALB_CAMP","15","daily_dis_m3",5043
"367",2002-05-02,"ALB_CAMP","15","daily_dis_m3",6678
"368",2002-05-06,"ALB_CAMP","15","daily_dis_m3",9602
"369",2002-05-10,"ALB_CAMP","15","daily_dis_m3",7449
"370",2002-05-17,"ALB_CAMP","15","daily_dis_m3",9612
"371",2002-05-23,"ALB_CAMP","15","daily_dis_m3",10343
"372",2002-05-30,"ALB_CAMP","15","daily_dis_m3",22814
"373",2002-06-05,"ALB_CAMP","15","daily_dis_m3",15938
"374",2002-06-06,"ALB_CAMP","15","daily_dis_m3",16458
"375",2002-06-13,"ALB_CAMP","15","daily_dis_m3",12030
"376",2002-06-20,"ALB_CAMP","15","daily_dis_m3",10040
"377",2002-06-27,"ALB_CAMP","15","daily_dis_m3",8214
"378",2002-07-04,"ALB_CAMP","15","daily_dis_m3",7546
"379",2002-07-11,"ALB_CAMP","15","daily_dis_m3",8073
"380",2002-07-18,"ALB_CAMP","15","daily_dis_m3",10394
"381",2002-07-25,"ALB_CAMP","15","daily_dis_m3",15585
"382",2002-08-01,"ALB_CAMP","15","daily_dis_m3",9401
"383",2002-08-08,"ALB_CAMP","15","daily_dis_m3",15906
"384",2002-08-15,"ALB_CAMP","15","daily_dis_m3",8750
"385",2002-08-22,"ALB_CAMP","15","daily_dis_m3",7277
"386",2002-08-29,"ALB_CAMP","15","daily_dis_m3",7630
"387",2002-09-07,"ALB_CAMP","15","daily_dis_m3",6410
"388",2002-09-12,"ALB_CAMP","15","daily_dis_m3",10968
"389",2002-09-25,"ALB_CAMP","15","daily_dis_m3",7903
"390",2002-10-21,"ALB_CAMP","15","daily_dis_m3",6755
"391",2002-11-05,"ALB_CAMP","15","daily_dis_m3",6773
"392",2002-11-26,"ALB_CAMP","15","daily_dis_m3",5483
"393",2002-12-12,"ALB_CAMP","15","daily_dis_m3",4721
"394",2002-12-20,"ALB_CAMP","15","daily_dis_m3",5154
"395",2003-01-10,"ALB_CAMP","15","daily_dis_m3",4158
"396",2003-01-24,"ALB_CAMP","15","daily_dis_m3",4206
"397",2003-03-12,"ALB_CAMP","15","daily_dis_m3",3880
"398",2003-04-22,"ALB_CAMP","15","daily_dis_m3",1150
"399",2003-05-05,"ALB_CAMP","15","daily_dis_m3",1666
"400",2003-05-27,"ALB_CAMP","15","daily_dis_m3",29218
"401",2003-06-05,"ALB_CAMP","15","daily_dis_m3",18188
"402",2003-06-12,"ALB_CAMP","15","daily_dis_m3",35540
"403",2003-06-26,"ALB_CAMP","15","daily_dis_m3",46808
"404",2003-07-03,"ALB_CAMP","15","daily_dis_m3",55199
"405",2003-07-10,"ALB_CAMP","15","daily_dis_m3",39435
"406",2003-07-15,"ALB_CAMP","15","daily_dis_m3",38925
"407",2003-07-24,"ALB_CAMP","15","daily_dis_m3",37205
"408",2003-07-31,"ALB_CAMP","15","daily_dis_m3",25752
"409",2003-08-07,"ALB_CAMP","15","daily_dis_m3",22500
"410",2003-08-14,"ALB_CAMP","15","daily_dis_m3",16519
"411",2003-08-21,"ALB_CAMP","15","daily_dis_m3",18915
"412",2003-08-28,"ALB_CAMP","15","daily_dis_m3",15813
"413",2003-09-04,"ALB_CAMP","15","daily_dis_m3",17068
"414",2003-09-11,"ALB_CAMP","15","daily_dis_m3",33644
"415",2003-09-18,"ALB_CAMP","15","daily_dis_m3",14322
"416",2003-09-25,"ALB_CAMP","15","daily_dis_m3",13595
"417",2003-10-02,"ALB_CAMP","15","daily_dis_m3",8596
"418",2003-10-09,"ALB_CAMP","15","daily_dis_m3",10295
"419",2003-10-23,"ALB_CAMP","15","daily_dis_m3",7390
"420",2003-10-30,"ALB_CAMP","15","daily_dis_m3",3156
"421",2003-12-11,"ALB_CAMP","15","daily_dis_m3",7242
"422",2003-12-30,"ALB_CAMP","15","daily_dis_m3",9850
"423",2004-02-12,"ALB_CAMP","15","daily_dis_m3",5820
"424",2004-03-05,"ALB_CAMP","15","daily_dis_m3",6750
"425",2004-03-26,"ALB_CAMP","15","daily_dis_m3",7244
"426",2004-04-08,"ALB_CAMP","15","daily_dis_m3",6360
"427",2004-04-28,"ALB_CAMP","15","daily_dis_m3",5691
"428",2004-05-11,"ALB_CAMP","15","daily_dis_m3",19720
"429",2004-05-20,"ALB_CAMP","15","daily_dis_m3",23308
"430",2004-05-27,"ALB_CAMP","15","daily_dis_m3",22491
"431",2004-06-03,"ALB_CAMP","15","daily_dis_m3",23724
"432",2004-06-10,"ALB_CAMP","15","daily_dis_m3",35783
"433",2004-06-17,"ALB_CAMP","15","daily_dis_m3",48539
"434",2004-06-24,"ALB_CAMP","15","daily_dis_m3",32342
"435",2004-07-01,"ALB_CAMP","15","daily_dis_m3",58090
"436",2004-07-08,"ALB_CAMP","15","daily_dis_m3",29757
"437",2004-07-15,"ALB_CAMP","15","daily_dis_m3",29427
"438",2004-07-22,"ALB_CAMP","15","daily_dis_m3",35540
"439",2004-07-29,"ALB_CAMP","15","daily_dis_m3",23060
"440",2004-08-05,"ALB_CAMP","15","daily_dis_m3",17185
"441",2004-08-12,"ALB_CAMP","15","daily_dis_m3",12405
"442",2004-08-19,"ALB_CAMP","15","daily_dis_m3",16530
"443",2004-08-26,"ALB_CAMP","15","daily_dis_m3",13519
"444",2004-09-02,"ALB_CAMP","15","daily_dis_m3",10517
"445",2004-09-09,"ALB_CAMP","15","daily_dis_m3",9948
"446",2004-09-16,"ALB_CAMP","15","daily_dis_m3",9250
"447",2004-09-23,"ALB_CAMP","15","daily_dis_m3",9984
"448",2004-09-30,"ALB_CAMP","15","daily_dis_m3",17472
"449",2004-10-07,"ALB_CAMP","15","daily_dis_m3",14640
"450",2004-10-14,"ALB_CAMP","15","daily_dis_m3",14556
"451",2004-10-21,"ALB_CAMP","15","daily_dis_m3",7428
"452",2004-11-11,"ALB_CAMP","15","daily_dis_m3",9151
"453",2005-01-06,"ALB_CAMP","15","daily_dis_m3",5331
"454",2005-02-10,"ALB_CAMP","15","daily_dis_m3",4832
"455",2005-03-17,"ALB_CAMP","15","daily_dis_m3",5822
"456",2005-04-05,"ALB_CAMP","15","daily_dis_m3",5217
"457",2005-05-06,"ALB_CAMP","15","daily_dis_m3",7342
"458",2005-05-17,"ALB_CAMP","15","daily_dis_m3",13492
"459",2005-05-26,"ALB_CAMP","15","daily_dis_m3",41036
"460",2005-06-03,"ALB_CAMP","15","daily_dis_m3",39907
"461",2005-06-09,"ALB_CAMP","15","daily_dis_m3",35791
"462",2005-06-16,"ALB_CAMP","15","daily_dis_m3",50813
"463",2005-06-30,"ALB_CAMP","15","daily_dis_m3",50843
"464",2005-07-07,"ALB_CAMP","15","daily_dis_m3",42178
"465",2005-07-14,"ALB_CAMP","15","daily_dis_m3",39058
"466",2005-07-21,"ALB_CAMP","15","daily_dis_m3",28809
"467",2005-07-28,"ALB_CAMP","15","daily_dis_m3",23723
"468",2005-08-04,"ALB_CAMP","15","daily_dis_m3",37088
"469",2005-08-11,"ALB_CAMP","15","daily_dis_m3",20227
"470",2005-08-18,"ALB_CAMP","15","daily_dis_m3",12674
"471",2005-08-25,"ALB_CAMP","15","daily_dis_m3",13529
"472",2005-09-01,"ALB_CAMP","15","daily_dis_m3",9302
"473",2005-09-08,"ALB_CAMP","15","daily_dis_m3",15401
"474",2005-09-15,"ALB_CAMP","15","daily_dis_m3",8824
"475",2005-09-22,"ALB_CAMP","15","daily_dis_m3",9902
"476",2005-09-29,"ALB_CAMP","15","daily_dis_m3",8916
"477",2005-10-06,"ALB_CAMP","15","daily_dis_m3",6619
"478",2005-10-13,"ALB_CAMP","15","daily_dis_m3",6674
"479",2005-10-20,"ALB_CAMP","15","daily_dis_m3",5211
"480",2005-11-03,"ALB_CAMP","15","daily_dis_m3",1663
"481",2005-11-10,"ALB_CAMP","15","daily_dis_m3",4975
"482",2005-11-24,"ALB_CAMP","15","daily_dis_m3",5836
"483",2005-12-27,"ALB_CAMP","15","daily_dis_m3",5473
"484",2006-01-06,"ALB_CAMP","15","daily_dis_m3",3786
"485",2006-01-27,"ALB_CAMP","15","daily_dis_m3",4579
"486",2006-03-03,"ALB_CAMP","15","daily_dis_m3",4441
"487",2006-03-24,"ALB_CAMP","15","daily_dis_m3",3538
"488",2006-04-07,"ALB_CAMP","15","daily_dis_m3",4153
"489",2006-04-28,"ALB_CAMP","15","daily_dis_m3",7545
"490",2006-05-23,"ALB_CAMP","15","daily_dis_m3",31160
"491",2006-06-01,"ALB_CAMP","15","daily_dis_m3",34168
"492",2006-06-08,"ALB_CAMP","15","daily_dis_m3",43166
"493",2006-06-16,"ALB_CAMP","15","daily_dis_m3",47953
"494",2006-06-22,"ALB_CAMP","15","daily_dis_m3",45127
"495",2006-06-29,"ALB_CAMP","15","daily_dis_m3",36384
"496",2006-07-06,"ALB_CAMP","15","daily_dis_m3",39400
"497",2006-07-13,"ALB_CAMP","15","daily_dis_m3",47621
"498",2006-07-20,"ALB_CAMP","15","daily_dis_m3",36392
"499",2006-07-27,"ALB_CAMP","15","daily_dis_m3",28770
"500",2006-08-03,"ALB_CAMP","15","daily_dis_m3",22238
"501",2006-08-10,"ALB_CAMP","15","daily_dis_m3",50647
"502",2006-08-17,"ALB_CAMP","15","daily_dis_m3",31354
"503",2006-08-24,"ALB_CAMP","15","daily_dis_m3",16623
"504",2006-08-31,"ALB_CAMP","15","daily_dis_m3",14715
"505",2006-09-07,"ALB_CAMP","15","daily_dis_m3",14564
"506",2006-09-14,"ALB_CAMP","15","daily_dis_m3",13909
"507",2006-09-26,"ALB_CAMP","15","daily_dis_m3",11763
"508",2006-10-05,"ALB_CAMP","15","daily_dis_m3",9339
"509",2006-10-19,"ALB_CAMP","15","daily_dis_m3",7798
"510",2006-11-16,"ALB_CAMP","15","daily_dis_m3",6808
"511",2006-12-06,"ALB_CAMP","15","daily_dis_m3",6171
"512",2006-12-28,"ALB_CAMP","15","daily_dis_m3",6192
"513",2007-01-04,"ALB_CAMP","15","daily_dis_m3",6114
"514",2007-01-16,"ALB_CAMP","15","daily_dis_m3",5971
"515",2007-02-09,"ALB_CAMP","15","daily_dis_m3",5993
"516",2007-02-27,"ALB_CAMP","15","daily_dis_m3",5052
"517",2007-03-13,"ALB_CAMP","15","daily_dis_m3",5233
"518",2007-04-03,"ALB_CAMP","15","daily_dis_m3",4347
"519",2007-05-03,"ALB_CAMP","15","daily_dis_m3",10632
"520",2007-05-22,"ALB_CAMP","15","daily_dis_m3",17325
"521",2007-05-31,"ALB_CAMP","15","daily_dis_m3",14247
"522",2007-06-07,"ALB_CAMP","15","daily_dis_m3",10214
"523",2007-06-14,"ALB_CAMP","15","daily_dis_m3",15122
"524",2007-06-21,"ALB_CAMP","15","daily_dis_m3",14164
"525",2007-06-28,"ALB_CAMP","15","daily_dis_m3",10186
"526",2007-07-05,"ALB_CAMP","15","daily_dis_m3",30900
"527",2007-07-12,"ALB_CAMP","15","daily_dis_m3",22235
"528",2007-07-19,"ALB_CAMP","15","daily_dis_m3",20529
"529",2007-07-26,"ALB_CAMP","15","daily_dis_m3",27751
"530",2007-08-02,"ALB_CAMP","15","daily_dis_m3",23661
"531",2007-08-09,"ALB_CAMP","15","daily_dis_m3",19319
"532",2007-08-16,"ALB_CAMP","15","daily_dis_m3",17584
"533",2007-08-23,"ALB_CAMP","15","daily_dis_m3",20718
"534",2007-08-30,"ALB_CAMP","15","daily_dis_m3",15467
"535",2007-09-07,"ALB_CAMP","15","daily_dis_m3",13721
"536",2007-09-13,"ALB_CAMP","15","daily_dis_m3",8322
"537",2007-09-20,"ALB_CAMP","15","daily_dis_m3",14648
"538",2007-09-27,"ALB_CAMP","15","daily_dis_m3",3194
"539",2007-10-04,"ALB_CAMP","15","daily_dis_m3",5870
"540",2007-10-11,"ALB_CAMP","15","daily_dis_m3",4410
"541",2007-10-18,"ALB_CAMP","15","daily_dis_m3",14441
"542",2007-11-07,"ALB_CAMP","15","daily_dis_m3",3425
"543",2007-12-11,"ALB_CAMP","15","daily_dis_m3",6498
"544",2007-12-19,"ALB_CAMP","15","daily_dis_m3",6252
"545",2008-02-12,"ALB_CAMP","15","daily_dis_m3",6796
"546",2008-04-15,"ALB_CAMP","15","daily_dis_m3",5414
"547",2008-05-16,"ALB_CAMP","15","daily_dis_m3",7433
"548",2008-06-19,"ALB_CAMP","15","daily_dis_m3",22031
"549",2008-06-26,"ALB_CAMP","15","daily_dis_m3",18581
"550",2008-07-03,"ALB_CAMP","15","daily_dis_m3",44965
"551",2008-07-10,"ALB_CAMP","15","daily_dis_m3",36651
"552",2008-07-17,"ALB_CAMP","15","daily_dis_m3",31287
"553",2008-07-24,"ALB_CAMP","15","daily_dis_m3",37536
"554",2008-07-31,"ALB_CAMP","15","daily_dis_m3",20722
"555",2008-08-07,"ALB_CAMP","15","daily_dis_m3",28821
"556",2008-08-14,"ALB_CAMP","15","daily_dis_m3",19674
"557",2008-08-21,"ALB_CAMP","15","daily_dis_m3",26215
"558",2008-08-28,"ALB_CAMP","15","daily_dis_m3",10724
"559",2008-09-04,"ALB_CAMP","15","daily_dis_m3",11812
"560",2008-09-18,"ALB_CAMP","15","daily_dis_m3",11943
"561",2008-10-03,"ALB_CAMP","15","daily_dis_m3",9129
"562",2008-10-16,"ALB_CAMP","15","daily_dis_m3",10557
"563",2008-10-30,"ALB_CAMP","15","daily_dis_m3",1273
"564",2008-11-19,"ALB_CAMP","15","daily_dis_m3",7591
"565",2008-12-17,"ALB_CAMP","15","daily_dis_m3",6604
"566",2009-01-14,"ALB_CAMP","15","daily_dis_m3",6224
"567",2009-02-20,"ALB_CAMP","15","daily_dis_m3",5928
"568",2009-03-12,"ALB_CAMP","15","daily_dis_m3",5677
"569",2009-04-07,"ALB_CAMP","15","daily_dis_m3",5242
"570",2009-04-30,"ALB_CAMP","15","daily_dis_m3",6222
"571",2009-05-18,"ALB_CAMP","15","daily_dis_m3",18565
"572",2009-05-28,"ALB_CAMP","15","daily_dis_m3",17587
"573",2009-06-04,"ALB_CAMP","15","daily_dis_m3",27807
"574",2009-06-11,"ALB_CAMP","15","daily_dis_m3",21809
"575",2009-06-18,"ALB_CAMP","15","daily_dis_m3",23073
"576",2009-06-25,"ALB_CAMP","15","daily_dis_m3",42725
"577",2009-07-02,"ALB_CAMP","15","daily_dis_m3",58902
"578",2009-07-09,"ALB_CAMP","15","daily_dis_m3",41997
"579",2009-07-16,"ALB_CAMP","15","daily_dis_m3",32548
"580",2009-07-23,"ALB_CAMP","15","daily_dis_m3",27108
"581",2009-07-30,"ALB_CAMP","15","daily_dis_m3",40104
"582",2009-08-06,"ALB_CAMP","15","daily_dis_m3",22950
"583",2009-08-13,"ALB_CAMP","15","daily_dis_m3",15173
"584",2009-08-20,"ALB_CAMP","15","daily_dis_m3",8617
"585",2009-08-27,"ALB_CAMP","15","daily_dis_m3",9539
"586",2009-09-03,"ALB_CAMP","15","daily_dis_m3",8746
"587",2009-09-10,"ALB_CAMP","15","daily_dis_m3",7506
"588",2009-09-17,"ALB_CAMP","15","daily_dis_m3",7201
"589",2009-09-24,"ALB_CAMP","15","daily_dis_m3",8833
"590",2009-10-08,"ALB_CAMP","15","daily_dis_m3",4566
"591",2009-10-21,"ALB_CAMP","15","daily_dis_m3",5345
"592",2009-11-12,"ALB_CAMP","15","daily_dis_m3",6163
"593",2009-12-15,"ALB_CAMP","15","daily_dis_m3",6689
"594",2010-01-12,"ALB_CAMP","15","daily_dis_m3",6994
"595",2010-01-26,"ALB_CAMP","15","daily_dis_m3",7177
"596",2010-02-24,"ALB_CAMP","15","daily_dis_m3",6554
"597",2010-03-12,"ALB_CAMP","15","daily_dis_m3",6429
"598",2010-04-26,"ALB_CAMP","15","daily_dis_m3",5256
"599",2010-05-06,"ALB_CAMP","15","daily_dis_m3",4791
"600",2010-05-20,"ALB_CAMP","15","daily_dis_m3",8303
"601",2010-05-27,"ALB_CAMP","15","daily_dis_m3",20239
"602",2010-06-03,"ALB_CAMP","15","daily_dis_m3",23275
"603",2010-06-10,"ALB_CAMP","15","daily_dis_m3",24837
"604",2010-06-17,"ALB_CAMP","15","daily_dis_m3",49769
"605",2010-06-24,"ALB_CAMP","15","daily_dis_m3",52970
"606",2010-07-01,"ALB_CAMP","15","daily_dis_m3",49424
"607",2010-07-08,"ALB_CAMP","15","daily_dis_m3",30058
"608",2010-07-15,"ALB_CAMP","15","daily_dis_m3",28862
"609",2010-07-23,"ALB_CAMP","15","daily_dis_m3",18742
"610",2010-07-29,"ALB_CAMP","15","daily_dis_m3",20946
"611",2010-08-05,"ALB_CAMP","15","daily_dis_m3",27589
"612",2010-08-12,"ALB_CAMP","15","daily_dis_m3",17129
"613",2010-08-19,"ALB_CAMP","15","daily_dis_m3",15016
"614",2010-08-26,"ALB_CAMP","15","daily_dis_m3",9359
"615",2010-09-02,"ALB_CAMP","15","daily_dis_m3",4930
"616",2010-09-16,"ALB_CAMP","15","daily_dis_m3",4041
"617",2010-09-24,"ALB_CAMP","15","daily_dis_m3",4352
"618",2010-10-07,"ALB_CAMP","15","daily_dis_m3",11686
"619",2010-12-14,"ALB_CAMP","15","daily_dis_m3",7657
"620",2010-12-28,"ALB_CAMP","15","daily_dis_m3",6365
"621",2011-01-25,"ALB_CAMP","15","daily_dis_m3",4277
"622",2011-03-18,"ALB_CAMP","15","daily_dis_m3",2709
"623",2011-04-05,"ALB_CAMP","15","daily_dis_m3",2851
"624",2011-05-10,"ALB_CAMP","15","daily_dis_m3",5702
"625",2011-05-24,"ALB_CAMP","15","daily_dis_m3",11661
"626",2011-06-07,"ALB_CAMP","15","daily_dis_m3",21626
"627",2011-06-14,"ALB_CAMP","15","daily_dis_m3",28111
"628",2011-06-21,"ALB_CAMP","15","daily_dis_m3",33876
"629",2011-08-09,"ALB_CAMP","15","daily_dis_m3",33408
"630",2011-08-16,"ALB_CAMP","15","daily_dis_m3",33358
"631",2011-08-23,"ALB_CAMP","15","daily_dis_m3",27031
"632",2011-08-30,"ALB_CAMP","15","daily_dis_m3",25011
"633",2011-09-06,"ALB_CAMP","15","daily_dis_m3",20526
"634",2011-09-13,"ALB_CAMP","15","daily_dis_m3",21001
"635",2011-09-20,"ALB_CAMP","15","daily_dis_m3",19600
"636",2011-09-27,"ALB_CAMP","15","daily_dis_m3",19114
"637",2012-05-01,"ALB_CAMP","15","daily_dis_m3",11216
"638",2012-05-08,"ALB_CAMP","15","daily_dis_m3",10858
"639",2012-05-15,"ALB_CAMP","15","daily_dis_m3",13649
"640",2012-05-22,"ALB_CAMP","15","daily_dis_m3",18842
"641",2012-05-29,"ALB_CAMP","15","daily_dis_m3",17751
"642",2012-06-05,"ALB_CAMP","15","daily_dis_m3",19314
"643",2012-06-12,"ALB_CAMP","15","daily_dis_m3",13882
"644",2012-06-19,"ALB_CAMP","15","daily_dis_m3",13824
"645",2012-06-26,"ALB_CAMP","15","daily_dis_m3",13021
"646",2012-07-03,"ALB_CAMP","15","daily_dis_m3",13814
"647",2012-07-10,"ALB_CAMP","15","daily_dis_m3",21092
"648",2012-07-17,"ALB_CAMP","15","daily_dis_m3",21565
"649",2012-07-24,"ALB_CAMP","15","daily_dis_m3",34687
"650",2012-07-31,"ALB_CAMP","15","daily_dis_m3",29593
"651",2012-08-03,"ALB_CAMP","15","daily_dis_m3",22074
"652",2012-08-14,"ALB_CAMP","15","daily_dis_m3",18421
"653",2012-08-21,"ALB_CAMP","15","daily_dis_m3",15144
"654",2012-08-28,"ALB_CAMP","15","daily_dis_m3",16296
"655",2012-09-06,"ALB_CAMP","15","daily_dis_m3",17787
"656",2012-09-11,"ALB_CAMP","15","daily_dis_m3",18306
"657",2012-09-18,"ALB_CAMP","15","daily_dis_m3",17441
"658",2012-09-25,"ALB_CAMP","15","daily_dis_m3",19083
"659",2012-10-02,"ALB_CAMP","15","daily_dis_m3",16656
"660",2012-10-12,"ALB_CAMP","15","daily_dis_m3",14467
"661",2012-10-24,"ALB_CAMP","15","daily_dis_m3",12245
"662",2012-11-08,"ALB_CAMP","15","daily_dis_m3",9941
"663",2012-12-03,"ALB_CAMP","15","daily_dis_m3",7023
"664",2013-06-13,"ALB_CAMP","15","daily_dis_m3",34600
"665",2013-06-20,"ALB_CAMP","15","daily_dis_m3",52400
"666",2013-06-27,"ALB_CAMP","15","daily_dis_m3",42051
"667",2013-07-04,"ALB_CAMP","15","daily_dis_m3",36219
"668",2013-07-11,"ALB_CAMP","15","daily_dis_m3",26130
"669",2013-07-18,"ALB_CAMP","15","daily_dis_m3",29284
"670",2013-07-25,"ALB_CAMP","15","daily_dis_m3",18153
"671",2013-08-01,"ALB_CAMP","15","daily_dis_m3",19111
"672",2013-08-08,"ALB_CAMP","15","daily_dis_m3",12946
"673",2013-08-15,"ALB_CAMP","15","daily_dis_m3",12582
"674",2013-08-22,"ALB_CAMP","15","daily_dis_m3",6667
"675",2013-08-29,"ALB_CAMP","15","daily_dis_m3",43091
"676",2013-09-05,"ALB_CAMP","15","daily_dis_m3",42544
"677",2013-09-19,"ALB_CAMP","15","daily_dis_m3",52697
"678",2013-09-26,"ALB_CAMP","15","daily_dis_m3",42963
"679",2013-10-03,"ALB_CAMP","15","daily_dis_m3",32722
"680",2013-10-25,"ALB_CAMP","15","daily_dis_m3",5125
"681",2013-11-13,"ALB_CAMP","15","daily_dis_m3",4171
"682",2014-01-16,"ALB_CAMP","15","daily_dis_m3",3359
"683",2014-04-17,"ALB_CAMP","15","daily_dis_m3",4320
"684",2014-07-10,"ALB_CAMP","15","daily_dis_m3",59205
"685",2014-07-17,"ALB_CAMP","15","daily_dis_m3",44900
"686",2014-08-07,"ALB_CAMP","15","daily_dis_m3",20432
"687",2014-08-14,"ALB_CAMP","15","daily_dis_m3",18142
"688",2014-08-21,"ALB_CAMP","15","daily_dis_m3",9521
"689",2014-08-28,"ALB_CAMP","15","daily_dis_m3",19313
"690",2014-09-04,"ALB_CAMP","15","daily_dis_m3",12187
"691",2014-09-11,"ALB_CAMP","15","daily_dis_m3",22357
"692",2014-09-18,"ALB_CAMP","15","daily_dis_m3",10977
"693",2014-09-25,"ALB_CAMP","15","daily_dis_m3",8315
"694",2014-10-02,"ALB_CAMP","15","daily_dis_m3",23344
"695",2014-10-09,"ALB_CAMP","15","daily_dis_m3",22406
"696",2014-10-16,"ALB_CAMP","15","daily_dis_m3",20953
"697",2014-10-23,"ALB_CAMP","15","daily_dis_m3",18182
"698",2014-10-30,"ALB_CAMP","15","daily_dis_m3",17517
"699",2014-11-04,"ALB_CAMP","15","daily_dis_m3",5442
"700",2015-01-22,"ALB_CAMP","15","daily_dis_m3",3831
"701",2015-02-19,"ALB_CAMP","15","daily_dis_m3",3836
"702",2015-04-07,"ALB_CAMP","15","daily_dis_m3",5249
"703",2015-04-30,"ALB_CAMP","15","daily_dis_m3",7225
"704",2015-05-14,"ALB_CAMP","15","daily_dis_m3",7899
"705",2015-05-28,"ALB_CAMP","15","daily_dis_m3",13573
"706",2015-07-23,"ALB_CAMP","15","daily_dis_m3",21481
"707",2015-08-06,"ALB_CAMP","15","daily_dis_m3",9701
"708",2015-08-27,"ALB_CAMP","15","daily_dis_m3",9041
"709",2015-09-03,"ALB_CAMP","15","daily_dis_m3",8887
"710",2015-09-10,"ALB_CAMP","15","daily_dis_m3",3430
"711",2015-09-24,"ALB_CAMP","15","daily_dis_m3",4945
"712",2015-10-08,"ALB_CAMP","15","daily_dis_m3",9697
"713",2015-10-20,"ALB_CAMP","15","daily_dis_m3",5471
"714",2016-01-14,"ALB_CAMP","15","daily_dis_m3",7487
"715",2016-02-11,"ALB_CAMP","15","daily_dis_m3",7299
"716",2016-04-12,"ALB_CAMP","15","daily_dis_m3",8593
"717",2016-05-05,"ALB_CAMP","15","daily_dis_m3",10633
"718",2016-06-02,"ALB_CAMP","15","daily_dis_m3",24098
"719",2016-06-09,"ALB_CAMP","15","daily_dis_m3",31482
"720",2016-06-30,"ALB_CAMP","15","daily_dis_m3",43006
"721",2016-07-07,"ALB_CAMP","15","daily_dis_m3",30799
"722",2016-07-14,"ALB_CAMP","15","daily_dis_m3",22140
"723",2016-07-28,"ALB_CAMP","15","daily_dis_m3",16275
"724",2016-08-04,"ALB_CAMP","15","daily_dis_m3",17125
"725",2016-08-11,"ALB_CAMP","15","daily_dis_m3",15769
"726",2016-08-18,"ALB_CAMP","15","daily_dis_m3",32246
"727",2016-08-25,"ALB_CAMP","15","daily_dis_m3",11158
"728",2016-09-01,"ALB_CAMP","15","daily_dis_m3",13507
"729",2016-09-08,"ALB_CAMP","15","daily_dis_m3",11575
"730",2016-09-22,"ALB_CAMP","15","daily_dis_m3",44203
"731",2016-09-29,"ALB_CAMP","15","daily_dis_m3",28886
"732",2016-10-11,"ALB_CAMP","15","daily_dis_m3",2809
"733",2016-10-26,"ALB_CAMP","15","daily_dis_m3",2276
"734",2016-11-10,"ALB_CAMP","15","daily_dis_m3",2895
"735",2016-12-20,"ALB_CAMP","15","daily_dis_m3",3120
"736",2017-01-26,"ALB_CAMP","15","daily_dis_m3",3161
"737",2017-02-23,"ALB_CAMP","15","daily_dis_m3",2982
"738",2017-03-23,"ALB_CAMP","15","daily_dis_m3",3772
"739",2017-04-27,"ALB_CAMP","15","daily_dis_m3",4047
"740",2017-05-25,"ALB_CAMP","15","daily_dis_m3",9815
"741",2017-06-15,"ALB_CAMP","15","daily_dis_m3",28552
"742",2017-06-29,"ALB_CAMP","15","daily_dis_m3",49840
"743",2017-07-06,"ALB_CAMP","15","daily_dis_m3",40994
"744",2017-07-13,"ALB_CAMP","15","daily_dis_m3",42160
"745",2017-07-20,"ALB_CAMP","15","daily_dis_m3",31329
"746",2017-07-27,"ALB_CAMP","15","daily_dis_m3",32650
"747",2017-08-03,"ALB_CAMP","15","daily_dis_m3",17423
"748",2017-08-10,"ALB_CAMP","15","daily_dis_m3",17194
"749",2017-08-17,"ALB_CAMP","15","daily_dis_m3",12107
"750",2017-08-24,"ALB_CAMP","15","daily_dis_m3",8211
"751",2017-09-14,"ALB_CAMP","15","daily_dis_m3",33902
"752",2017-09-21,"ALB_CAMP","15","daily_dis_m3",19800
"753",2017-09-28,"ALB_CAMP","15","daily_dis_m3",13712
"754",2017-10-24,"ALB_CAMP","15","daily_dis_m3",2027
"755",2017-11-16,"ALB_CAMP","15","daily_dis_m3",5389
"756",2017-12-14,"ALB_CAMP","15","daily_dis_m3",5236
"757",2018-01-09,"ALB_CAMP","15","daily_dis_m3",5028
"758",2018-02-13,"ALB_CAMP","15","daily_dis_m3",4999
"759",2018-03-08,"ALB_CAMP","15","daily_dis_m3",4851
"760",2018-04-10,"ALB_CAMP","15","daily_dis_m3",4927
"761",2018-05-24,"ALB_CAMP","15","daily_dis_m3",24317
"762",2018-05-31,"ALB_CAMP","15","daily_dis_m3",27601
"763",2018-06-05,"ALB_CAMP","15","daily_dis_m3",21190
"764",2018-06-12,"ALB_CAMP","15","daily_dis_m3",17541
"765",2018-06-26,"ALB_CAMP","15","daily_dis_m3",27693
"766",2018-07-03,"ALB_CAMP","15","daily_dis_m3",22958
"767",2018-07-17,"ALB_CAMP","15","daily_dis_m3",18949
"768",2018-07-28,"ALB_CAMP","15","daily_dis_m3",18268
"769",2018-07-31,"ALB_CAMP","15","daily_dis_m3",14063
"770",2018-08-07,"ALB_CAMP","15","daily_dis_m3",14974
"771",2018-08-16,"ALB_CAMP","15","daily_dis_m3",9622
"772",2018-08-23,"ALB_CAMP","15","daily_dis_m3",17817
"773",2018-08-30,"ALB_CAMP","15","daily_dis_m3",8008
"774",2018-09-06,"ALB_CAMP","15","daily_dis_m3",8302
"775",2018-09-12,"ALB_CAMP","15","daily_dis_m3",9201
"776",2018-09-20,"ALB_CAMP","15","daily_dis_m3",14452
"777",2018-09-25,"ALB_CAMP","15","daily_dis_m3",14120
"778",2018-10-03,"ALB_CAMP","15","daily_dis_m3",18139
"779",2018-10-25,"ALB_CAMP","15","daily_dis_m3",16243
"780",2018-12-11,"ALB_CAMP","15","daily_dis_m3",11797
"781",2019-01-22,"ALB_CAMP","15","daily_dis_m3",3860
"782",2019-02-14,"ALB_CAMP","15","daily_dis_m3",5120
"783",2019-03-19,"ALB_CAMP","15","daily_dis_m3",3771
"784",2019-04-18,"ALB_CAMP","15","daily_dis_m3",3658
"785",2019-05-29,"ALB_CAMP","15","daily_dis_m3",8083
"786",2019-06-06,"ALB_CAMP","15","daily_dis_m3",30768
"787",2019-06-27,"ALB_CAMP","15","daily_dis_m3",18445
"788",2019-07-18,"ALB_CAMP","15","daily_dis_m3",55187
"789",2019-08-08,"ALB_CAMP","15","daily_dis_m3",27895
"790",2019-08-20,"ALB_CAMP","15","daily_dis_m3",13147
"791",2019-08-29,"ALB_CAMP","15","daily_dis_m3",8455
"792",2019-09-05,"ALB_CAMP","15","daily_dis_m3",7600
"793",2019-09-12,"ALB_CAMP","15","daily_dis_m3",9666
"794",2019-09-19,"ALB_CAMP","15","daily_dis_m3",5173
"795",2019-09-24,"ALB_CAMP","15","daily_dis_m3",8995
"796",2019-10-03,"ALB_CAMP","15","daily_dis_m3",9774
"797",2019-10-24,"ALB_CAMP","15","daily_dis_m3",16030
"798",2019-11-19,"ALB_CAMP","15","daily_dis_m3",11679
"799",2019-12-19,"ALB_CAMP","15","daily_dis_m3",8316
"800",2020-01-07,"ALB_CAMP","15","daily_dis_m3",1992
"801",2020-03-12,"ALB_CAMP","15","daily_dis_m3",1370
"802",2020-04-23,"ALB_CAMP","15","daily_dis_m3",1122
"803",2020-05-13,"ALB_CAMP","15","daily_dis_m3",7221
"804",2020-05-28,"ALB_CAMP","15","daily_dis_m3",22017
"805",2020-06-11,"ALB_CAMP","15","daily_dis_m3",11140
"806",2020-06-18,"ALB_CAMP","15","daily_dis_m3",13300
"807",2020-06-25,"ALB_CAMP","15","daily_dis_m3",9888
"808",2020-06-30,"ALB_CAMP","15","daily_dis_m3",29178
"809",2020-07-07,"ALB_CAMP","15","daily_dis_m3",28128
"810",2020-07-23,"ALB_CAMP","15","daily_dis_m3",17523
"811",2020-08-04,"ALB_CAMP","15","daily_dis_m3",13487
"812",2020-08-27,"ALB_CAMP","15","daily_dis_m3",6334
"813",2020-09-15,"ALB_CAMP","15","daily_dis_m3",9325
"814",2020-09-24,"ALB_CAMP","15","daily_dis_m3",9465
"815",2020-10-08,"ALB_CAMP","15","daily_dis_m3",9811.3
"816",2020-11-05,"ALB_CAMP","15","daily_dis_m3",8542.1
"817",1985-05-30,"GL4_OUTLET","7","daily_dis_m3",8100
"818",1985-06-04,"GL4_OUTLET","7","daily_dis_m3",18570
"819",1985-06-13,"GL4_OUTLET","7","daily_dis_m3",17992
"820",1985-06-20,"GL4_OUTLET","7","daily_dis_m3",19439
"821",1985-06-27,"GL4_OUTLET","7","daily_dis_m3",13620
"822",1985-07-04,"GL4_OUTLET","7","daily_dis_m3",17130
"823",1985-07-11,"GL4_OUTLET","7","daily_dis_m3",17180
"824",1985-07-18,"GL4_OUTLET","7","daily_dis_m3",28963
"825",1985-07-25,"GL4_OUTLET","7","daily_dis_m3",19045
"826",1985-08-01,"GL4_OUTLET","7","daily_dis_m3",12839
"827",1985-08-08,"GL4_OUTLET","7","daily_dis_m3",10751
"828",1985-08-15,"GL4_OUTLET","7","daily_dis_m3",7955
"829",1985-08-22,"GL4_OUTLET","7","daily_dis_m3",8845
"830",1985-08-29,"GL4_OUTLET","7","daily_dis_m3",8008
"831",1985-09-05,"GL4_OUTLET","7","daily_dis_m3",11317
"832",1985-09-12,"GL4_OUTLET","7","daily_dis_m3",9423
"833",1985-09-19,"GL4_OUTLET","7","daily_dis_m3",6825
"834",1985-09-26,"GL4_OUTLET","7","daily_dis_m3",4225
"835",1986-06-19,"GL4_OUTLET","7","daily_dis_m3",31224
"836",1986-06-26,"GL4_OUTLET","7","daily_dis_m3",27694
"837",1986-07-03,"GL4_OUTLET","7","daily_dis_m3",26487
"838",1986-07-10,"GL4_OUTLET","7","daily_dis_m3",17896
"839",1986-07-17,"GL4_OUTLET","7","daily_dis_m3",29425
"840",1986-07-24,"GL4_OUTLET","7","daily_dis_m3",23451
"841",1986-07-31,"GL4_OUTLET","7","daily_dis_m3",14785
"842",1986-08-07,"GL4_OUTLET","7","daily_dis_m3",13427
"843",1986-08-14,"GL4_OUTLET","7","daily_dis_m3",13104
"844",1986-08-21,"GL4_OUTLET","7","daily_dis_m3",12280
"845",1986-08-28,"GL4_OUTLET","7","daily_dis_m3",11265
"846",1986-09-04,"GL4_OUTLET","7","daily_dis_m3",8972
"847",1986-09-11,"GL4_OUTLET","7","daily_dis_m3",9048
"848",1986-09-18,"GL4_OUTLET","7","daily_dis_m3",6117
"849",1986-09-25,"GL4_OUTLET","7","daily_dis_m3",5442
"850",1987-06-04,"GL4_OUTLET","7","daily_dis_m3",12539
"851",1987-06-11,"GL4_OUTLET","7","daily_dis_m3",21825
"852",1987-06-18,"GL4_OUTLET","7","daily_dis_m3",16120
"853",1987-06-25,"GL4_OUTLET","7","daily_dis_m3",14752
"854",1987-07-09,"GL4_OUTLET","7","daily_dis_m3",12098
"855",1987-07-23,"GL4_OUTLET","7","daily_dis_m3",12807
"856",1987-08-06,"GL4_OUTLET","7","daily_dis_m3",11278
"857",1987-08-20,"GL4_OUTLET","7","daily_dis_m3",7421
"858",1987-09-15,"GL4_OUTLET","7","daily_dis_m3",6791
"859",1988-06-16,"GL4_OUTLET","7","daily_dis_m3",19227
"860",1988-06-30,"GL4_OUTLET","7","daily_dis_m3",25629
"861",1988-07-14,"GL4_OUTLET","7","daily_dis_m3",14651
"862",1988-07-28,"GL4_OUTLET","7","daily_dis_m3",10934
"863",1988-08-11,"GL4_OUTLET","7","daily_dis_m3",9434
"864",1988-09-08,"GL4_OUTLET","7","daily_dis_m3",5201
"865",1988-09-22,"GL4_OUTLET","7","daily_dis_m3",4238
"866",1989-05-25,"GL4_OUTLET","7","daily_dis_m3",9900
"867",1989-06-08,"GL4_OUTLET","7","daily_dis_m3",13553
"868",1989-06-22,"GL4_OUTLET","7","daily_dis_m3",11476
"869",1989-07-06,"GL4_OUTLET","7","daily_dis_m3",17768
"870",1989-07-20,"GL4_OUTLET","7","daily_dis_m3",12361
"871",1989-08-03,"GL4_OUTLET","7","daily_dis_m3",14051
"872",1989-08-17,"GL4_OUTLET","7","daily_dis_m3",10421
"873",1989-08-31,"GL4_OUTLET","7","daily_dis_m3",6543
"874",1989-09-14,"GL4_OUTLET","7","daily_dis_m3",5183
"875",1989-09-28,"GL4_OUTLET","7","daily_dis_m3",4792
"876",1990-05-31,"GL4_OUTLET","7","daily_dis_m3",8500
"877",1990-06-07,"GL4_OUTLET","7","daily_dis_m3",18250
"878",1990-06-21,"GL4_OUTLET","7","daily_dis_m3",20445
"879",1990-07-05,"GL4_OUTLET","7","daily_dis_m3",23526
"880",1990-07-19,"GL4_OUTLET","7","daily_dis_m3",16021
"881",1990-08-02,"GL4_OUTLET","7","daily_dis_m3",13161
"882",1990-08-16,"GL4_OUTLET","7","daily_dis_m3",11414
"883",1990-08-30,"GL4_OUTLET","7","daily_dis_m3",8027
"884",1990-09-13,"GL4_OUTLET","7","daily_dis_m3",6872
"885",1991-05-24,"GL4_OUTLET","7","daily_dis_m3",6620
"886",1991-05-31,"GL4_OUTLET","7","daily_dis_m3",11865
"887",1991-06-06,"GL4_OUTLET","7","daily_dis_m3",16321
"888",1991-06-13,"GL4_OUTLET","7","daily_dis_m3",25198
"889",1991-06-27,"GL4_OUTLET","7","daily_dis_m3",17138
"890",1991-07-11,"GL4_OUTLET","7","daily_dis_m3",18190
"891",1991-07-23,"GL4_OUTLET","7","daily_dis_m3",22310
"892",1991-08-08,"GL4_OUTLET","7","daily_dis_m3",16185
"893",1991-08-22,"GL4_OUTLET","7","daily_dis_m3",9795
"894",1991-09-05,"GL4_OUTLET","7","daily_dis_m3",7890
"895",1991-09-19,"GL4_OUTLET","7","daily_dis_m3",7030
"896",1992-05-28,"GL4_OUTLET","7","daily_dis_m3",11026
"897",1992-06-04,"GL4_OUTLET","7","daily_dis_m3",9724
"898",1992-06-11,"GL4_OUTLET","7","daily_dis_m3",21399
"899",1992-06-18,"GL4_OUTLET","7","daily_dis_m3",14356
"900",1992-06-25,"GL4_OUTLET","7","daily_dis_m3",27251
"901",1992-07-02,"GL4_OUTLET","7","daily_dis_m3",15090
"902",1992-07-09,"GL4_OUTLET","7","daily_dis_m3",21929
"903",1992-07-23,"GL4_OUTLET","7","daily_dis_m3",14795
"904",1992-08-04,"GL4_OUTLET","7","daily_dis_m3",14070
"905",1992-08-13,"GL4_OUTLET","7","daily_dis_m3",11690
"906",1992-09-10,"GL4_OUTLET","7","daily_dis_m3",6222
"907",1992-09-24,"GL4_OUTLET","7","daily_dis_m3",6040
"908",1992-10-08,"GL4_OUTLET","7","daily_dis_m3",3972
"909",1992-10-22,"GL4_OUTLET","7","daily_dis_m3",3032
"910",1993-05-20,"GL4_OUTLET","7","daily_dis_m3",5568
"911",1993-05-27,"GL4_OUTLET","7","daily_dis_m3",9961
"912",1993-06-03,"GL4_OUTLET","7","daily_dis_m3",10792
"913",1993-06-10,"GL4_OUTLET","7","daily_dis_m3",18062
"914",1993-06-17,"GL4_OUTLET","7","daily_dis_m3",15671
"915",1993-06-24,"GL4_OUTLET","7","daily_dis_m3",27193
"916",1993-07-01,"GL4_OUTLET","7","daily_dis_m3",18016
"917",1993-07-08,"GL4_OUTLET","7","daily_dis_m3",22189
"918",1993-07-15,"GL4_OUTLET","7","daily_dis_m3",16295
"919",1993-07-22,"GL4_OUTLET","7","daily_dis_m3",22536
"920",1993-07-29,"GL4_OUTLET","7","daily_dis_m3",17521
"921",1993-08-05,"GL4_OUTLET","7","daily_dis_m3",15244
"922",1993-08-12,"GL4_OUTLET","7","daily_dis_m3",13254
"923",1993-08-19,"GL4_OUTLET","7","daily_dis_m3",11247
"924",1993-08-26,"GL4_OUTLET","7","daily_dis_m3",7728
"925",1993-09-02,"GL4_OUTLET","7","daily_dis_m3",8860
"926",1993-09-09,"GL4_OUTLET","7","daily_dis_m3",8372
"927",1993-09-23,"GL4_OUTLET","7","daily_dis_m3",5060
"928",1993-09-30,"GL4_OUTLET","7","daily_dis_m3",5182
"929",1993-10-07,"GL4_OUTLET","7","daily_dis_m3",4172
"930",1993-10-14,"GL4_OUTLET","7","daily_dis_m3",2157
"931",1994-05-26,"GL4_OUTLET","7","daily_dis_m3",11792
"932",1994-06-02,"GL4_OUTLET","7","daily_dis_m3",19262
"933",1994-06-09,"GL4_OUTLET","7","daily_dis_m3",14327
"934",1994-06-16,"GL4_OUTLET","7","daily_dis_m3",16312
"935",1994-06-23,"GL4_OUTLET","7","daily_dis_m3",25614
"936",1994-06-30,"GL4_OUTLET","7","daily_dis_m3",18003
"937",1994-07-07,"GL4_OUTLET","7","daily_dis_m3",13254
"938",1994-07-14,"GL4_OUTLET","7","daily_dis_m3",13044
"939",1994-07-21,"GL4_OUTLET","7","daily_dis_m3",14134
"940",1994-07-28,"GL4_OUTLET","7","daily_dis_m3",12711
"941",1994-08-04,"GL4_OUTLET","7","daily_dis_m3",15177
"942",1994-08-11,"GL4_OUTLET","7","daily_dis_m3",13146
"943",1994-08-18,"GL4_OUTLET","7","daily_dis_m3",10859
"944",1994-08-25,"GL4_OUTLET","7","daily_dis_m3",9965
"945",1994-09-01,"GL4_OUTLET","7","daily_dis_m3",10269
"946",1994-09-08,"GL4_OUTLET","7","daily_dis_m3",7399
"947",1994-09-15,"GL4_OUTLET","7","daily_dis_m3",9136
"948",1994-09-22,"GL4_OUTLET","7","daily_dis_m3",5526
"949",1994-09-29,"GL4_OUTLET","7","daily_dis_m3",4316
"950",1995-06-09,"GL4_OUTLET","7","daily_dis_m3",8125
"951",1995-06-15,"GL4_OUTLET","7","daily_dis_m3",6050
"952",1995-06-22,"GL4_OUTLET","7","daily_dis_m3",28182
"953",1995-06-29,"GL4_OUTLET","7","daily_dis_m3",33428
"954",1995-07-06,"GL4_OUTLET","7","daily_dis_m3",18075
"955",1995-07-20,"GL4_OUTLET","7","daily_dis_m3",32819
"956",1995-07-27,"GL4_OUTLET","7","daily_dis_m3",23683
"957",1995-08-03,"GL4_OUTLET","7","daily_dis_m3",18123
"958",1995-08-10,"GL4_OUTLET","7","daily_dis_m3",19696
"959",1995-08-17,"GL4_OUTLET","7","daily_dis_m3",15884
"960",1995-08-24,"GL4_OUTLET","7","daily_dis_m3",19192
"961",1995-08-31,"GL4_OUTLET","7","daily_dis_m3",13184
"962",1995-09-07,"GL4_OUTLET","7","daily_dis_m3",14126
"963",1995-09-14,"GL4_OUTLET","7","daily_dis_m3",7888
"964",1995-09-21,"GL4_OUTLET","7","daily_dis_m3",6999
"965",1995-09-28,"GL4_OUTLET","7","daily_dis_m3",4780
"966",1995-10-05,"GL4_OUTLET","7","daily_dis_m3",4133
"967",1996-05-23,"GL4_OUTLET","7","daily_dis_m3",9169
"968",1996-05-30,"GL4_OUTLET","7","daily_dis_m3",6230
"969",1996-06-06,"GL4_OUTLET","7","daily_dis_m3",15139
"970",1996-06-13,"GL4_OUTLET","7","daily_dis_m3",25174
"971",1996-06-20,"GL4_OUTLET","7","daily_dis_m3",25300
"972",1996-06-27,"GL4_OUTLET","7","daily_dis_m3",24621
"973",1996-07-04,"GL4_OUTLET","7","daily_dis_m3",25789
"974",1996-07-11,"GL4_OUTLET","7","daily_dis_m3",20733
"975",1996-07-18,"GL4_OUTLET","7","daily_dis_m3",22128
"976",1996-07-25,"GL4_OUTLET","7","daily_dis_m3",15756
"977",1996-08-01,"GL4_OUTLET","7","daily_dis_m3",17259
"978",1996-08-08,"GL4_OUTLET","7","daily_dis_m3",12767
"979",1996-08-15,"GL4_OUTLET","7","daily_dis_m3",12703
"980",1996-08-22,"GL4_OUTLET","7","daily_dis_m3",12941
"981",1996-08-29,"GL4_OUTLET","7","daily_dis_m3",11339
"982",1996-09-10,"GL4_OUTLET","7","daily_dis_m3",8994
"983",1996-09-24,"GL4_OUTLET","7","daily_dis_m3",8794
"984",1996-10-01,"GL4_OUTLET","7","daily_dis_m3",7964
"985",1996-10-08,"GL4_OUTLET","7","daily_dis_m3",9738
"986",1997-06-03,"GL4_OUTLET","7","daily_dis_m3",15915
"987",1997-06-12,"GL4_OUTLET","7","daily_dis_m3",21373
"988",1997-06-26,"GL4_OUTLET","7","daily_dis_m3",23161
"989",1997-07-03,"GL4_OUTLET","7","daily_dis_m3",18852
"990",1997-07-10,"GL4_OUTLET","7","daily_dis_m3",20719
"991",1997-07-17,"GL4_OUTLET","7","daily_dis_m3",20740
"992",1997-07-24,"GL4_OUTLET","7","daily_dis_m3",25841
"993",1997-07-31,"GL4_OUTLET","7","daily_dis_m3",31210
"994",1997-08-07,"GL4_OUTLET","7","daily_dis_m3",18172
"995",1997-08-14,"GL4_OUTLET","7","daily_dis_m3",16495
"996",1997-08-21,"GL4_OUTLET","7","daily_dis_m3",12772
"997",1997-08-28,"GL4_OUTLET","7","daily_dis_m3",14114
"998",1997-09-04,"GL4_OUTLET","7","daily_dis_m3",15089
"999",1997-09-11,"GL4_OUTLET","7","daily_dis_m3",10796
"1000",1997-09-18,"GL4_OUTLET","7","daily_dis_m3",10042
"1001",1997-09-25,"GL4_OUTLET","7","daily_dis_m3",11615
"1002",1997-10-02,"GL4_OUTLET","7","daily_dis_m3",8764
"1003",1998-05-28,"GL4_OUTLET","7","daily_dis_m3",10070
"1004",1998-06-04,"GL4_OUTLET","7","daily_dis_m3",17425
"1005",1998-06-11,"GL4_OUTLET","7","daily_dis_m3",11088
"1006",1998-06-25,"GL4_OUTLET","7","daily_dis_m3",20462
"1007",1998-07-02,"GL4_OUTLET","7","daily_dis_m3",30857
"1008",1998-07-09,"GL4_OUTLET","7","daily_dis_m3",23144
"1009",1998-07-16,"GL4_OUTLET","7","daily_dis_m3",17901
"1010",1998-07-23,"GL4_OUTLET","7","daily_dis_m3",17029
"1011",1998-07-30,"GL4_OUTLET","7","daily_dis_m3",19429
"1012",1998-08-06,"GL4_OUTLET","7","daily_dis_m3",19039
"1013",1998-08-13,"GL4_OUTLET","7","daily_dis_m3",15739
"1014",1998-08-20,"GL4_OUTLET","7","daily_dis_m3",13719
"1015",1998-08-27,"GL4_OUTLET","7","daily_dis_m3",11603
"1016",1998-09-03,"GL4_OUTLET","7","daily_dis_m3",9532
"1017",1998-09-10,"GL4_OUTLET","7","daily_dis_m3",9107
"1018",1998-09-17,"GL4_OUTLET","7","daily_dis_m3",9577
"1019",1998-09-24,"GL4_OUTLET","7","daily_dis_m3",6843
"1020",1998-10-01,"GL4_OUTLET","7","daily_dis_m3",6566
"1021",1999-05-27,"GL4_OUTLET","7","daily_dis_m3",8770
"1022",1999-06-03,"GL4_OUTLET","7","daily_dis_m3",11546
"1023",1999-06-10,"GL4_OUTLET","7","daily_dis_m3",28550
"1024",1999-06-17,"GL4_OUTLET","7","daily_dis_m3",26442
"1025",1999-06-24,"GL4_OUTLET","7","daily_dis_m3",30901
"1026",1999-07-01,"GL4_OUTLET","7","daily_dis_m3",28153
"1027",1999-07-08,"GL4_OUTLET","7","daily_dis_m3",23795
"1028",1999-07-15,"GL4_OUTLET","7","daily_dis_m3",21790
"1029",1999-07-22,"GL4_OUTLET","7","daily_dis_m3",17670
"1030",1999-07-29,"GL4_OUTLET","7","daily_dis_m3",22500
"1031",1999-08-05,"GL4_OUTLET","7","daily_dis_m3",25374
"1032",1999-08-12,"GL4_OUTLET","7","daily_dis_m3",13800
"1033",1999-08-19,"GL4_OUTLET","7","daily_dis_m3",12669
"1034",1999-08-26,"GL4_OUTLET","7","daily_dis_m3",13929
"1035",1999-09-02,"GL4_OUTLET","7","daily_dis_m3",12954
"1036",1999-09-07,"GL4_OUTLET","7","daily_dis_m3",8131
"1037",1999-09-14,"GL4_OUTLET","7","daily_dis_m3",5875
"1038",1999-09-21,"GL4_OUTLET","7","daily_dis_m3",5887
"1039",1999-09-28,"GL4_OUTLET","7","daily_dis_m3",5791
"1040",2000-05-12,"GL4_OUTLET","7","daily_dis_m3",10024
"1041",2000-05-18,"GL4_OUTLET","7","daily_dis_m3",6649
"1042",2000-05-25,"GL4_OUTLET","7","daily_dis_m3",20290
"1043",2000-06-01,"GL4_OUTLET","7","daily_dis_m3",20762
"1044",2000-06-08,"GL4_OUTLET","7","daily_dis_m3",20333
"1045",2000-06-15,"GL4_OUTLET","7","daily_dis_m3",13746
"1046",2000-06-22,"GL4_OUTLET","7","daily_dis_m3",15734
"1047",2000-06-29,"GL4_OUTLET","7","daily_dis_m3",16102
"1048",2000-07-06,"GL4_OUTLET","7","daily_dis_m3",15625
"1049",2000-07-13,"GL4_OUTLET","7","daily_dis_m3",14696
"1050",2000-07-20,"GL4_OUTLET","7","daily_dis_m3",14740
"1051",2000-07-27,"GL4_OUTLET","7","daily_dis_m3",11972
"1052",2000-08-10,"GL4_OUTLET","7","daily_dis_m3",9835
"1053",2000-08-24,"GL4_OUTLET","7","daily_dis_m3",9792
"1054",2000-09-07,"GL4_OUTLET","7","daily_dis_m3",10673
"1055",2000-09-21,"GL4_OUTLET","7","daily_dis_m3",8580
"1056",2000-10-05,"GL4_OUTLET","7","daily_dis_m3",6809
"1057",2001-05-08,"GL4_OUTLET","7","daily_dis_m3",2000
"1058",2001-05-17,"GL4_OUTLET","7","daily_dis_m3",7933
"1059",2001-05-24,"GL4_OUTLET","7","daily_dis_m3",7081
"1060",2001-06-07,"GL4_OUTLET","7","daily_dis_m3",19066
"1061",2001-06-14,"GL4_OUTLET","7","daily_dis_m3",10604
"1062",2001-06-21,"GL4_OUTLET","7","daily_dis_m3",18040
"1063",2001-06-28,"GL4_OUTLET","7","daily_dis_m3",19021
"1064",2001-07-05,"GL4_OUTLET","7","daily_dis_m3",19309
"1065",2001-07-12,"GL4_OUTLET","7","daily_dis_m3",23125
"1066",2001-07-19,"GL4_OUTLET","7","daily_dis_m3",13911
"1067",2001-07-26,"GL4_OUTLET","7","daily_dis_m3",12455
"1068",2001-08-02,"GL4_OUTLET","7","daily_dis_m3",11505
"1069",2001-08-09,"GL4_OUTLET","7","daily_dis_m3",17288
"1070",2001-08-13,"GL4_OUTLET","7","daily_dis_m3",13933
"1071",2001-08-16,"GL4_OUTLET","7","daily_dis_m3",16558
"1072",2001-08-23,"GL4_OUTLET","7","daily_dis_m3",12982
"1073",2001-08-30,"GL4_OUTLET","7","daily_dis_m3",9061
"1074",2001-09-06,"GL4_OUTLET","7","daily_dis_m3",8065
"1075",2001-09-13,"GL4_OUTLET","7","daily_dis_m3",9787
"1076",2001-09-25,"GL4_OUTLET","7","daily_dis_m3",7107
"1077",2001-09-27,"GL4_OUTLET","7","daily_dis_m3",6582
"1078",2001-10-02,"GL4_OUTLET","7","daily_dis_m3",6054
"1079",2001-10-09,"GL4_OUTLET","7","daily_dis_m3",5053
"1080",2001-10-16,"GL4_OUTLET","7","daily_dis_m3",4313
"1081",2001-10-23,"GL4_OUTLET","7","daily_dis_m3",3012
"1082",2002-05-06,"GL4_OUTLET","7","daily_dis_m3",2348
"1083",2002-05-10,"GL4_OUTLET","7","daily_dis_m3",2979
"1084",2002-05-17,"GL4_OUTLET","7","daily_dis_m3",4270
"1085",2002-05-23,"GL4_OUTLET","7","daily_dis_m3",6848
"1086",2002-05-30,"GL4_OUTLET","7","daily_dis_m3",27222
"1087",2002-06-05,"GL4_OUTLET","7","daily_dis_m3",13719
"1088",2002-06-06,"GL4_OUTLET","7","daily_dis_m3",13891
"1089",2002-06-13,"GL4_OUTLET","7","daily_dis_m3",11906
"1090",2002-06-20,"GL4_OUTLET","7","daily_dis_m3",13602
"1091",2002-06-27,"GL4_OUTLET","7","daily_dis_m3",11131
"1092",2002-07-04,"GL4_OUTLET","7","daily_dis_m3",10385
"1093",2002-07-11,"GL4_OUTLET","7","daily_dis_m3",11971
"1094",2002-07-18,"GL4_OUTLET","7","daily_dis_m3",9818
"1095",2002-07-25,"GL4_OUTLET","7","daily_dis_m3",11456
"1096",2002-08-01,"GL4_OUTLET","7","daily_dis_m3",8755
"1097",2002-08-08,"GL4_OUTLET","7","daily_dis_m3",12116
"1098",2002-08-15,"GL4_OUTLET","7","daily_dis_m3",7266
"1099",2002-08-22,"GL4_OUTLET","7","daily_dis_m3",6727
"1100",2002-08-29,"GL4_OUTLET","7","daily_dis_m3",6261
"1101",2002-09-05,"GL4_OUTLET","7","daily_dis_m3",5465
"1102",2002-09-12,"GL4_OUTLET","7","daily_dis_m3",21792
"1103",2002-09-25,"GL4_OUTLET","7","daily_dis_m3",5553
"1104",2002-10-21,"GL4_OUTLET","7","daily_dis_m3",3813
"1105",2003-05-13,"GL4_OUTLET","7","daily_dis_m3",400
"1106",2003-05-20,"GL4_OUTLET","7","daily_dis_m3",2500
"1107",2003-05-27,"GL4_OUTLET","7","daily_dis_m3",14352
"1108",2003-06-05,"GL4_OUTLET","7","daily_dis_m3",17514
"1109",2003-06-12,"GL4_OUTLET","7","daily_dis_m3",24053
"1110",2003-06-19,"GL4_OUTLET","7","daily_dis_m3",28084
"1111",2003-06-26,"GL4_OUTLET","7","daily_dis_m3",17158
"1112",2003-07-03,"GL4_OUTLET","7","daily_dis_m3",24684
"1113",2003-07-10,"GL4_OUTLET","7","daily_dis_m3",20419
"1114",2003-07-15,"GL4_OUTLET","7","daily_dis_m3",20412
"1115",2003-07-17,"GL4_OUTLET","7","daily_dis_m3",20291
"1116",2003-07-24,"GL4_OUTLET","7","daily_dis_m3",19725
"1117",2003-07-31,"GL4_OUTLET","7","daily_dis_m3",14217
"1118",2003-08-07,"GL4_OUTLET","7","daily_dis_m3",13730
"1119",2003-08-14,"GL4_OUTLET","7","daily_dis_m3",11267
"1120",2003-08-21,"GL4_OUTLET","7","daily_dis_m3",11978
"1121",2003-08-28,"GL4_OUTLET","7","daily_dis_m3",11623
"1122",2003-09-04,"GL4_OUTLET","7","daily_dis_m3",10494
"1123",2003-09-11,"GL4_OUTLET","7","daily_dis_m3",11808
"1124",2003-09-18,"GL4_OUTLET","7","daily_dis_m3",7427
"1125",2003-09-25,"GL4_OUTLET","7","daily_dis_m3",5358
"1126",2003-10-02,"GL4_OUTLET","7","daily_dis_m3",5105
"1127",2003-10-09,"GL4_OUTLET","7","daily_dis_m3",4636
"1128",2003-10-23,"GL4_OUTLET","7","daily_dis_m3",2163
"1129",2003-10-30,"GL4_OUTLET","7","daily_dis_m3",1477
"1130",2004-05-20,"GL4_OUTLET","7","daily_dis_m3",10857
"1131",2004-05-27,"GL4_OUTLET","7","daily_dis_m3",15775
"1132",2004-06-03,"GL4_OUTLET","7","daily_dis_m3",14042
"1133",2004-06-10,"GL4_OUTLET","7","daily_dis_m3",22063
"1134",2004-06-17,"GL4_OUTLET","7","daily_dis_m3",19772
"1135",2004-06-24,"GL4_OUTLET","7","daily_dis_m3",14224
"1136",2004-07-01,"GL4_OUTLET","7","daily_dis_m3",21865
"1137",2004-07-08,"GL4_OUTLET","7","daily_dis_m3",15937
"1138",2004-07-15,"GL4_OUTLET","7","daily_dis_m3",16375
"1139",2004-07-22,"GL4_OUTLET","7","daily_dis_m3",16706
"1140",2004-07-29,"GL4_OUTLET","7","daily_dis_m3",11404
"1141",2004-08-05,"GL4_OUTLET","7","daily_dis_m3",10916
"1142",2004-08-12,"GL4_OUTLET","7","daily_dis_m3",9081
"1143",2004-08-19,"GL4_OUTLET","7","daily_dis_m3",15457
"1144",2004-08-26,"GL4_OUTLET","7","daily_dis_m3",9497
"1145",2004-09-02,"GL4_OUTLET","7","daily_dis_m3",7102
"1146",2004-09-09,"GL4_OUTLET","7","daily_dis_m3",8911
"1147",2004-09-16,"GL4_OUTLET","7","daily_dis_m3",7919
"1148",2004-09-23,"GL4_OUTLET","7","daily_dis_m3",8089
"1149",2004-09-30,"GL4_OUTLET","7","daily_dis_m3",8856
"1150",2004-10-07,"GL4_OUTLET","7","daily_dis_m3",8036
"1151",2004-10-14,"GL4_OUTLET","7","daily_dis_m3",6226
"1152",2004-10-21,"GL4_OUTLET","7","daily_dis_m3",4824
"1153",2005-05-12,"GL4_OUTLET","7","daily_dis_m3",229
"1154",2005-05-19,"GL4_OUTLET","7","daily_dis_m3",6885
"1155",2005-05-26,"GL4_OUTLET","7","daily_dis_m3",33481
"1156",2005-06-03,"GL4_OUTLET","7","daily_dis_m3",18455
"1157",2005-06-09,"GL4_OUTLET","7","daily_dis_m3",15293
"1158",2005-06-16,"GL4_OUTLET","7","daily_dis_m3",23680
"1159",2005-06-30,"GL4_OUTLET","7","daily_dis_m3",22405
"1160",2005-07-07,"GL4_OUTLET","7","daily_dis_m3",23304
"1161",2005-07-14,"GL4_OUTLET","7","daily_dis_m3",22455
"1162",2005-07-21,"GL4_OUTLET","7","daily_dis_m3",18407
"1163",2005-07-28,"GL4_OUTLET","7","daily_dis_m3",15086
"1164",2005-08-04,"GL4_OUTLET","7","daily_dis_m3",24030
"1165",2005-08-11,"GL4_OUTLET","7","daily_dis_m3",16182
"1166",2005-08-18,"GL4_OUTLET","7","daily_dis_m3",10844
"1167",2005-08-25,"GL4_OUTLET","7","daily_dis_m3",10063
"1168",2005-09-01,"GL4_OUTLET","7","daily_dis_m3",8427
"1169",2005-09-08,"GL4_OUTLET","7","daily_dis_m3",8033
"1170",2005-09-15,"GL4_OUTLET","7","daily_dis_m3",7156
"1171",2005-09-22,"GL4_OUTLET","7","daily_dis_m3",7178
"1172",2005-09-29,"GL4_OUTLET","7","daily_dis_m3",10389
"1173",2005-10-06,"GL4_OUTLET","7","daily_dis_m3",7618
"1174",2005-10-13,"GL4_OUTLET","7","daily_dis_m3",5912
"1175",2005-10-20,"GL4_OUTLET","7","daily_dis_m3",4314
"1176",2006-05-18,"GL4_OUTLET","7","daily_dis_m3",9383
"1177",2006-05-25,"GL4_OUTLET","7","daily_dis_m3",19990
"1178",2006-06-01,"GL4_OUTLET","7","daily_dis_m3",17853
"1179",2006-06-08,"GL4_OUTLET","7","daily_dis_m3",25446
"1180",2006-06-16,"GL4_OUTLET","7","daily_dis_m3",15436
"1181",2006-06-22,"GL4_OUTLET","7","daily_dis_m3",17446
"1182",2006-06-29,"GL4_OUTLET","7","daily_dis_m3",15660
"1183",2006-07-06,"GL4_OUTLET","7","daily_dis_m3",17523
"1184",2006-07-13,"GL4_OUTLET","7","daily_dis_m3",18635
"1185",2006-07-20,"GL4_OUTLET","7","daily_dis_m3",16932
"1186",2006-07-27,"GL4_OUTLET","7","daily_dis_m3",14629
"1187",2006-08-03,"GL4_OUTLET","7","daily_dis_m3",11231
"1188",2006-08-10,"GL4_OUTLET","7","daily_dis_m3",10315
"1189",2006-08-17,"GL4_OUTLET","7","daily_dis_m3",9896
"1190",2006-08-24,"GL4_OUTLET","7","daily_dis_m3",8526
"1191",2006-08-31,"GL4_OUTLET","7","daily_dis_m3",7235
"1192",2006-09-07,"GL4_OUTLET","7","daily_dis_m3",6525
"1193",2006-09-14,"GL4_OUTLET","7","daily_dis_m3",7482
"1194",2006-09-26,"GL4_OUTLET","7","daily_dis_m3",5267
"1195",2006-10-05,"GL4_OUTLET","7","daily_dis_m3",4918
"1196",2007-05-03,"GL4_OUTLET","7","daily_dis_m3",1750
"1197",2007-05-10,"GL4_OUTLET","7","daily_dis_m3",2150
"1198",2007-05-17,"GL4_OUTLET","7","daily_dis_m3",24215
"1199",2007-05-24,"GL4_OUTLET","7","daily_dis_m3",9837
"1200",2007-05-31,"GL4_OUTLET","7","daily_dis_m3",11280
"1201",2007-06-07,"GL4_OUTLET","7","daily_dis_m3",12296
"1202",2007-06-14,"GL4_OUTLET","7","daily_dis_m3",15815
"1203",2007-06-21,"GL4_OUTLET","7","daily_dis_m3",24279
"1204",2007-06-28,"GL4_OUTLET","7","daily_dis_m3",21330
"1205",2007-07-05,"GL4_OUTLET","7","daily_dis_m3",26293
"1206",2007-07-12,"GL4_OUTLET","7","daily_dis_m3",17054
"1207",2007-07-19,"GL4_OUTLET","7","daily_dis_m3",17130
"1208",2007-07-26,"GL4_OUTLET","7","daily_dis_m3",28618
"1209",2007-08-02,"GL4_OUTLET","7","daily_dis_m3",16230
"1210",2007-08-09,"GL4_OUTLET","7","daily_dis_m3",13744
"1211",2007-08-16,"GL4_OUTLET","7","daily_dis_m3",11770
"1212",2008-05-22,"GL4_OUTLET","7","daily_dis_m3",6480
"1213",2008-05-29,"GL4_OUTLET","7","daily_dis_m3",10400
"1214",2008-06-02,"GL4_OUTLET","7","daily_dis_m3",17280
"1215",2008-06-12,"GL4_OUTLET","7","daily_dis_m3",9936
"1216",2008-06-19,"GL4_OUTLET","7","daily_dis_m3",17280
"1217",2008-06-26,"GL4_OUTLET","7","daily_dis_m3",25781
"1218",2008-07-03,"GL4_OUTLET","7","daily_dis_m3",24242
"1219",2008-07-10,"GL4_OUTLET","7","daily_dis_m3",20731
"1220",2008-07-17,"GL4_OUTLET","7","daily_dis_m3",17269
"1221",2008-07-24,"GL4_OUTLET","7","daily_dis_m3",22166
"1222",2008-07-31,"GL4_OUTLET","7","daily_dis_m3",13416
"1223",2008-08-07,"GL4_OUTLET","7","daily_dis_m3",16231
"1224",2008-08-14,"GL4_OUTLET","7","daily_dis_m3",12158
"1225",2008-08-21,"GL4_OUTLET","7","daily_dis_m3",13936
"1226",2008-08-28,"GL4_OUTLET","7","daily_dis_m3",10935
"1227",2008-09-04,"GL4_OUTLET","7","daily_dis_m3",8519
"1228",2008-09-18,"GL4_OUTLET","7","daily_dis_m3",8943
"1229",2008-10-03,"GL4_OUTLET","7","daily_dis_m3",5527
"1230",2008-10-16,"GL4_OUTLET","7","daily_dis_m3",4056
"1231",2008-10-30,"GL4_OUTLET","7","daily_dis_m3",3624
"1232",2008-11-11,"GL4_OUTLET","7","daily_dis_m3",3367
"1233",2008-11-19,"GL4_OUTLET","7","daily_dis_m3",3206
"1234",2008-12-17,"GL4_OUTLET","7","daily_dis_m3",3074
"1235",2009-01-12,"GL4_OUTLET","7","daily_dis_m3",2848
"1236",2009-02-19,"GL4_OUTLET","7","daily_dis_m3",2303
"1237",2009-03-12,"GL4_OUTLET","7","daily_dis_m3",2261
"1238",2009-04-21,"GL4_OUTLET","7","daily_dis_m3",3942
"1239",2009-05-21,"GL4_OUTLET","7","daily_dis_m3",10306
"1240",2009-05-28,"GL4_OUTLET","7","daily_dis_m3",9992
"1241",2009-06-04,"GL4_OUTLET","7","daily_dis_m3",15424
"1242",2009-06-11,"GL4_OUTLET","7","daily_dis_m3",13448
"1243",2009-06-18,"GL4_OUTLET","7","daily_dis_m3",21306
"1244",2009-06-25,"GL4_OUTLET","7","daily_dis_m3",23635
"1245",2009-07-02,"GL4_OUTLET","7","daily_dis_m3",22614
"1246",2009-07-09,"GL4_OUTLET","7","daily_dis_m3",20907
"1247",2009-07-16,"GL4_OUTLET","7","daily_dis_m3",17929
"1248",2009-07-23,"GL4_OUTLET","7","daily_dis_m3",15497
"1249",2009-07-30,"GL4_OUTLET","7","daily_dis_m3",18544
"1250",2009-08-06,"GL4_OUTLET","7","daily_dis_m3",12779
"1251",2009-08-13,"GL4_OUTLET","7","daily_dis_m3",10090
"1252",2009-08-20,"GL4_OUTLET","7","daily_dis_m3",8944
"1253",2009-08-27,"GL4_OUTLET","7","daily_dis_m3",9413
"1254",2009-09-03,"GL4_OUTLET","7","daily_dis_m3",8261
"1255",2009-09-10,"GL4_OUTLET","7","daily_dis_m3",7672
"1256",2009-09-17,"GL4_OUTLET","7","daily_dis_m3",7346
"1257",2009-09-24,"GL4_OUTLET","7","daily_dis_m3",6328
"1258",2009-10-08,"GL4_OUTLET","7","daily_dis_m3",5044
"1259",2009-10-21,"GL4_OUTLET","7","daily_dis_m3",3635
"1260",2009-11-05,"GL4_OUTLET","7","daily_dis_m3",3081
"1261",2009-12-16,"GL4_OUTLET","7","daily_dis_m3",1703
"1262",2010-01-19,"GL4_OUTLET","7","daily_dis_m3",1274
"1263",2010-01-29,"GL4_OUTLET","7","daily_dis_m3",1274
"1264",2010-02-17,"GL4_OUTLET","7","daily_dis_m3",1277
"1265",2010-03-12,"GL4_OUTLET","7","daily_dis_m3",1989
"1266",2010-04-09,"GL4_OUTLET","7","daily_dis_m3",1865
"1267",2010-05-20,"GL4_OUTLET","7","daily_dis_m3",2827
"1268",2010-05-27,"GL4_OUTLET","7","daily_dis_m3",7345
"1269",2010-06-03,"GL4_OUTLET","7","daily_dis_m3",13345
"1270",2010-06-10,"GL4_OUTLET","7","daily_dis_m3",31499
"1271",2010-06-17,"GL4_OUTLET","7","daily_dis_m3",18143
"1272",2010-06-24,"GL4_OUTLET","7","daily_dis_m3",26359
"1273",2010-07-01,"GL4_OUTLET","7","daily_dis_m3",30299
"1274",2010-07-08,"GL4_OUTLET","7","daily_dis_m3",19899
"1275",2010-07-15,"GL4_OUTLET","7","daily_dis_m3",18523
"1276",2010-07-23,"GL4_OUTLET","7","daily_dis_m3",14986
"1277",2010-07-29,"GL4_OUTLET","7","daily_dis_m3",17065
"1278",2010-08-05,"GL4_OUTLET","7","daily_dis_m3",16100
"1279",2010-08-12,"GL4_OUTLET","7","daily_dis_m3",10410
"1280",2010-08-19,"GL4_OUTLET","7","daily_dis_m3",10683
"1281",2010-08-26,"GL4_OUTLET","7","daily_dis_m3",8698
"1282",2010-09-02,"GL4_OUTLET","7","daily_dis_m3",4199
"1283",2010-09-16,"GL4_OUTLET","7","daily_dis_m3",3718
"1284",2010-09-24,"GL4_OUTLET","7","daily_dis_m3",4407
"1285",2010-10-07,"GL4_OUTLET","7","daily_dis_m3",4789
"1286",2010-12-07,"GL4_OUTLET","7","daily_dis_m3",2940
"1287",2011-01-03,"GL4_OUTLET","7","daily_dis_m3",2397
"1288",2011-01-27,"GL4_OUTLET","7","daily_dis_m3",2623
"1289",2011-04-08,"GL4_OUTLET","7","daily_dis_m3",2036
"1290",2011-05-05,"GL4_OUTLET","7","daily_dis_m3",2709
"1291",2011-06-14,"GL4_OUTLET","7","daily_dis_m3",20617
"1292",2011-06-21,"GL4_OUTLET","7","daily_dis_m3",16694
"1293",2011-07-26,"GL4_OUTLET","7","daily_dis_m3",25857
"1294",2011-07-28,"GL4_OUTLET","7","daily_dis_m3",23921
"1295",2011-08-02,"GL4_OUTLET","7","daily_dis_m3",30460
"1296",2011-08-09,"GL4_OUTLET","7","daily_dis_m3",16212
"1297",2011-08-16,"GL4_OUTLET","7","daily_dis_m3",16832
"1298",2011-08-23,"GL4_OUTLET","7","daily_dis_m3",15019
"1299",2011-08-30,"GL4_OUTLET","7","daily_dis_m3",18315
"1300",2011-09-06,"GL4_OUTLET","7","daily_dis_m3",12418
"1301",2011-09-13,"GL4_OUTLET","7","daily_dis_m3",10063
"1302",2011-09-20,"GL4_OUTLET","7","daily_dis_m3",10143
"1303",2011-09-27,"GL4_OUTLET","7","daily_dis_m3",8196
"1304",2011-10-10,"GL4_OUTLET","7","daily_dis_m3",5588
"1305",2012-05-15,"GL4_OUTLET","7","daily_dis_m3",11770
"1306",2012-05-22,"GL4_OUTLET","7","daily_dis_m3",11600
"1307",2012-05-29,"GL4_OUTLET","7","daily_dis_m3",9611
"1308",2012-06-05,"GL4_OUTLET","7","daily_dis_m3",19994
"1309",2012-06-12,"GL4_OUTLET","7","daily_dis_m3",12095
"1310",2012-06-19,"GL4_OUTLET","7","daily_dis_m3",14308
"1311",2012-06-26,"GL4_OUTLET","7","daily_dis_m3",14903
"1312",2012-07-03,"GL4_OUTLET","7","daily_dis_m3",16011
"1313",2012-07-10,"GL4_OUTLET","7","daily_dis_m3",14915
"1314",2012-07-17,"GL4_OUTLET","7","daily_dis_m3",25547
"1315",2012-07-24,"GL4_OUTLET","7","daily_dis_m3",26078
"1316",2012-07-31,"GL4_OUTLET","7","daily_dis_m3",16197
"1317",2012-08-07,"GL4_OUTLET","7","daily_dis_m3",11052
"1318",2012-08-14,"GL4_OUTLET","7","daily_dis_m3",9747
"1319",2012-08-21,"GL4_OUTLET","7","daily_dis_m3",8406
"1320",2012-08-28,"GL4_OUTLET","7","daily_dis_m3",8022
"1321",2012-09-06,"GL4_OUTLET","7","daily_dis_m3",7604
"1322",2012-09-11,"GL4_OUTLET","7","daily_dis_m3",9010
"1323",2012-09-18,"GL4_OUTLET","7","daily_dis_m3",7502
"1324",2012-09-25,"GL4_OUTLET","7","daily_dis_m3",6441
"1325",2012-10-02,"GL4_OUTLET","7","daily_dis_m3",6742
"1326",2012-10-12,"GL4_OUTLET","7","daily_dis_m3",4814
"1327",2012-11-01,"GL4_OUTLET","7","daily_dis_m3",3912
"1328",2013-03-29,"GL4_OUTLET","7","daily_dis_m3",1487
"1329",2013-05-16,"GL4_OUTLET","7","daily_dis_m3",7624
"1330",2013-05-23,"GL4_OUTLET","7","daily_dis_m3",7489
"1331",2013-06-04,"GL4_OUTLET","7","daily_dis_m3",9816
"1332",2013-06-13,"GL4_OUTLET","7","daily_dis_m3",24493
"1333",2013-06-20,"GL4_OUTLET","7","daily_dis_m3",20536
"1334",2013-06-27,"GL4_OUTLET","7","daily_dis_m3",23261
"1335",2013-07-04,"GL4_OUTLET","7","daily_dis_m3",19105
"1336",2013-07-11,"GL4_OUTLET","7","daily_dis_m3",17400
"1337",2013-07-18,"GL4_OUTLET","7","daily_dis_m3",17412
"1338",2013-07-25,"GL4_OUTLET","7","daily_dis_m3",13203
"1339",2013-08-01,"GL4_OUTLET","7","daily_dis_m3",11211
"1340",2013-08-08,"GL4_OUTLET","7","daily_dis_m3",10024
"1341",2013-08-15,"GL4_OUTLET","7","daily_dis_m3",11247
"1342",2013-08-22,"GL4_OUTLET","7","daily_dis_m3",9906
"1343",2013-08-29,"GL4_OUTLET","7","daily_dis_m3",19807
"1344",2013-09-05,"GL4_OUTLET","7","daily_dis_m3",10059
"1345",2013-09-18,"GL4_OUTLET","7","daily_dis_m3",14329
"1346",2013-09-26,"GL4_OUTLET","7","daily_dis_m3",10008
"1347",2013-10-03,"GL4_OUTLET","7","daily_dis_m3",8570
"1348",2014-02-27,"GL4_OUTLET","7","daily_dis_m3",2897
"1349",2014-04-11,"GL4_OUTLET","7","daily_dis_m3",2133
"1350",2014-05-20,"GL4_OUTLET","7","daily_dis_m3",3438
"1351",2014-05-29,"GL4_OUTLET","7","daily_dis_m3",12915
"1352",2014-06-05,"GL4_OUTLET","7","daily_dis_m3",23780
"1353",2014-06-12,"GL4_OUTLET","7","daily_dis_m3",19991
"1354",2014-06-26,"GL4_OUTLET","7","daily_dis_m3",22911
"1355",2014-07-03,"GL4_OUTLET","7","daily_dis_m3",24049
"1356",2014-07-10,"GL4_OUTLET","7","daily_dis_m3",24964
"1357",2014-07-17,"GL4_OUTLET","7","daily_dis_m3",22177
"1358",2014-07-20,"GL4_OUTLET","7","daily_dis_m3",19651
"1359",2014-07-31,"GL4_OUTLET","7","daily_dis_m3",26739
"1360",2014-08-07,"GL4_OUTLET","7","daily_dis_m3",14026
"1361",2014-08-14,"GL4_OUTLET","7","daily_dis_m3",12896
"1362",2014-08-21,"GL4_OUTLET","7","daily_dis_m3",10807
"1363",2014-08-28,"GL4_OUTLET","7","daily_dis_m3",19741
"1364",2014-09-04,"GL4_OUTLET","7","daily_dis_m3",10367
"1365",2014-09-11,"GL4_OUTLET","7","daily_dis_m3",15478
"1366",2014-09-18,"GL4_OUTLET","7","daily_dis_m3",9163
"1367",2014-10-09,"GL4_OUTLET","7","daily_dis_m3",8063
"1368",2014-10-16,"GL4_OUTLET","7","daily_dis_m3",6389
"1369",2014-10-23,"GL4_OUTLET","7","daily_dis_m3",12912
"1370",2014-10-30,"GL4_OUTLET","7","daily_dis_m3",5732
"1371",2014-12-11,"GL4_OUTLET","7","daily_dis_m3",23775
"1372",2015-01-08,"GL4_OUTLET","7","daily_dis_m3",11903
"1373",2015-01-27,"GL4_OUTLET","7","daily_dis_m3",16274
"1374",2015-03-10,"GL4_OUTLET","7","daily_dis_m3",14190
"1375",2015-04-14,"GL4_OUTLET","7","daily_dis_m3",13314
"1376",2015-06-02,"GL4_OUTLET","7","daily_dis_m3",23513
"1377",2015-06-25,"GL4_OUTLET","7","daily_dis_m3",27496
"1378",2015-07-02,"GL4_OUTLET","7","daily_dis_m3",26013
"1379",2015-07-09,"GL4_OUTLET","7","daily_dis_m3",27183
"1380",2015-07-23,"GL4_OUTLET","7","daily_dis_m3",15100
"1381",2015-08-06,"GL4_OUTLET","7","daily_dis_m3",11347
"1382",2015-08-27,"GL4_OUTLET","7","daily_dis_m3",15291
"1383",2015-09-10,"GL4_OUTLET","7","daily_dis_m3",10192
"1384",2015-10-08,"GL4_OUTLET","7","daily_dis_m3",6548
"1385",2015-10-20,"GL4_OUTLET","7","daily_dis_m3",5061
"1386",2015-12-03,"GL4_OUTLET","7","daily_dis_m3",3299
"1387",2016-01-22,"GL4_OUTLET","7","daily_dis_m3",2388
"1388",2016-03-29,"GL4_OUTLET","7","daily_dis_m3",2385
"1389",2016-06-09,"GL4_OUTLET","7","daily_dis_m3",23760
"1390",2016-06-23,"GL4_OUTLET","7","daily_dis_m3",27402
"1391",2016-06-30,"GL4_OUTLET","7","daily_dis_m3",22066
"1392",2016-07-07,"GL4_OUTLET","7","daily_dis_m3",18114
"1393",2016-07-14,"GL4_OUTLET","7","daily_dis_m3",14928
"1394",2016-07-21,"GL4_OUTLET","7","daily_dis_m3",16400
"1395",2016-07-28,"GL4_OUTLET","7","daily_dis_m3",11405
"1396",2016-08-04,"GL4_OUTLET","7","daily_dis_m3",11522
"1397",2016-08-11,"GL4_OUTLET","7","daily_dis_m3",12396
"1398",2016-08-18,"GL4_OUTLET","7","daily_dis_m3",9359
"1399",2016-08-25,"GL4_OUTLET","7","daily_dis_m3",9736
"1400",2016-09-01,"GL4_OUTLET","7","daily_dis_m3",10845
"1401",2016-09-08,"GL4_OUTLET","7","daily_dis_m3",8216
"1402",2016-09-22,"GL4_OUTLET","7","daily_dis_m3",4794
"1403",2016-09-29,"GL4_OUTLET","7","daily_dis_m3",4530
"1404",2016-10-11,"GL4_OUTLET","7","daily_dis_m3",4534
"1405",2016-10-25,"GL4_OUTLET","7","daily_dis_m3",4049
"1406",2016-11-03,"GL4_OUTLET","7","daily_dis_m3",3960
"1407",2016-12-22,"GL4_OUTLET","7","daily_dis_m3",4023
"1408",2017-01-19,"GL4_OUTLET","7","daily_dis_m3",4049
"1409",2017-03-16,"GL4_OUTLET","7","daily_dis_m3",2156
"1410",2017-04-17,"GL4_OUTLET","7","daily_dis_m3",2088
"1411",2017-06-15,"GL4_OUTLET","7","daily_dis_m3",19453
"1412",2017-06-22,"GL4_OUTLET","7","daily_dis_m3",29935
"1413",2017-06-29,"GL4_OUTLET","7","daily_dis_m3",21014
"1414",2017-07-06,"GL4_OUTLET","7","daily_dis_m3",20902
"1415",2017-07-13,"GL4_OUTLET","7","daily_dis_m3",21979
"1416",2017-07-20,"GL4_OUTLET","7","daily_dis_m3",19933
"1417",2017-07-27,"GL4_OUTLET","7","daily_dis_m3",22320
"1418",2017-08-03,"GL4_OUTLET","7","daily_dis_m3",15497
"1419",2017-08-10,"GL4_OUTLET","7","daily_dis_m3",15919
"1420",2017-08-24,"GL4_OUTLET","7","daily_dis_m3",11702
"1421",2017-08-31,"GL4_OUTLET","7","daily_dis_m3",10281
"1422",2017-09-14,"GL4_OUTLET","7","daily_dis_m3",9147
"1423",2017-09-21,"GL4_OUTLET","7","daily_dis_m3",6461
"1424",2017-09-28,"GL4_OUTLET","7","daily_dis_m3",5840
"1425",2018-08-16,"GL4_OUTLET","7","daily_dis_m3",8387
"1426",2018-08-23,"GL4_OUTLET","7","daily_dis_m3",8950
"1427",2018-08-30,"GL4_OUTLET","7","daily_dis_m3",7590
"1428",2018-09-06,"GL4_OUTLET","7","daily_dis_m3",6793
"1429",2018-09-12,"GL4_OUTLET","7","daily_dis_m3",6901
"1430",2018-09-20,"GL4_OUTLET","7","daily_dis_m3",6279
"1431",2018-09-25,"GL4_OUTLET","7","daily_dis_m3",5546
"1432",2018-10-03,"GL4_OUTLET","7","daily_dis_m3",5092
"1433",2018-12-09,"GL4_OUTLET","7","daily_dis_m3",3919
"1434",2019-02-05,"GL4_OUTLET","7","daily_dis_m3",2649
"1435",2019-03-26,"GL4_OUTLET","7","daily_dis_m3",3285
"1436",2019-04-23,"GL4_OUTLET","7","daily_dis_m3",2897
"1437",2019-06-12,"GL4_OUTLET","7","daily_dis_m3",20662
"1438",2019-06-27,"GL4_OUTLET","7","daily_dis_m3",21624
"1439",2019-07-11,"GL4_OUTLET","7","daily_dis_m3",28167
"1440",2019-07-18,"GL4_OUTLET","7","daily_dis_m3",26662
"1441",2019-08-01,"GL4_OUTLET","7","daily_dis_m3",20543
"1442",2019-08-08,"GL4_OUTLET","7","daily_dis_m3",17388
"1443",2019-08-15,"GL4_OUTLET","7","daily_dis_m3",14703
"1444",2019-08-20,"GL4_OUTLET","7","daily_dis_m3",12914
"1445",2019-08-29,"GL4_OUTLET","7","daily_dis_m3",10336
"1446",2019-09-05,"GL4_OUTLET","7","daily_dis_m3",10612
"1447",2019-09-12,"GL4_OUTLET","7","daily_dis_m3",10928
"1448",2019-09-19,"GL4_OUTLET","7","daily_dis_m3",7815
"1449",2019-09-24,"GL4_OUTLET","7","daily_dis_m3",6322.1
"1450",2019-10-03,"GL4_OUTLET","7","daily_dis_m3",5503.6
"1451",2019-10-17,"GL4_OUTLET","7","daily_dis_m3",4294.3
"1452",2019-11-14,"GL4_OUTLET","7","daily_dis_m3",3265.4
"1453",2020-01-16,"GL4_OUTLET","7","daily_dis_m3",2249
"1454",2020-02-11,"GL4_OUTLET","7","daily_dis_m3",2839.2
"1455",2020-03-05,"GL4_OUTLET","7","daily_dis_m3",2090.5
"1456",2020-04-30,"GL4_OUTLET","7","daily_dis_m3",2111.6
"1457",2020-06-04,"GL4_OUTLET","7","daily_dis_m3",22756
"1458",2020-06-11,"GL4_OUTLET","7","daily_dis_m3",13249.5
"1459",2020-06-18,"GL4_OUTLET","7","daily_dis_m3",18806.4
"1460",2020-06-25,"GL4_OUTLET","7","daily_dis_m3",20210.2
"1461",2020-06-30,"GL4_OUTLET","7","daily_dis_m3",17344.3
"1462",2020-07-07,"GL4_OUTLET","7","daily_dis_m3",17723.1
"1463",2020-07-23,"GL4_OUTLET","7","daily_dis_m3",14806
"1464",2020-08-04,"GL4_OUTLET","7","daily_dis_m3",12687.1
"1465",2020-08-27,"GL4_OUTLET","7","daily_dis_m3",11274.5
"1466",2020-09-10,"GL4_OUTLET","7","daily_dis_m3",8757.4
"1467",2020-09-24,"GL4_OUTLET","7","daily_dis_m3",6362.9
"1468",2020-10-08,"GL4_OUTLET","7","daily_dis_m3",4414.5
"1469",2020-11-05,"GL4_OUTLET","7","daily_dis_m3",3378.3
"1470",2006-06-01,"GL5_OUTLET","4","daily_dis_m3",13328.3
"1471",2006-06-08,"GL5_OUTLET","4","daily_dis_m3",18776.9
"1472",2006-06-16,"GL5_OUTLET","4","daily_dis_m3",10780.3
"1473",2006-06-22,"GL5_OUTLET","4","daily_dis_m3",14210.9
"1474",2006-06-29,"GL5_OUTLET","4","daily_dis_m3",12623.6
"1475",2006-07-06,"GL5_OUTLET","4","daily_dis_m3",14468.1
"1476",2006-07-13,"GL5_OUTLET","4","daily_dis_m3",15076.7
"1477",2006-07-20,"GL5_OUTLET","4","daily_dis_m3",13013.7
"1478",2006-07-27,"GL5_OUTLET","4","daily_dis_m3",10805.9
"1479",2006-08-03,"GL5_OUTLET","4","daily_dis_m3",7965.8
"1480",2006-08-10,"GL5_OUTLET","4","daily_dis_m3",7243
"1481",2006-08-17,"GL5_OUTLET","4","daily_dis_m3",6800.1
"1482",2006-08-24,"GL5_OUTLET","4","daily_dis_m3",5501.5
"1483",2006-08-31,"GL5_OUTLET","4","daily_dis_m3",4240.4
"1484",2006-09-07,"GL5_OUTLET","4","daily_dis_m3",3439.8
"1485",2006-09-14,"GL5_OUTLET","4","daily_dis_m3",3827.1
"1486",2006-09-26,"GL5_OUTLET","4","daily_dis_m3",2126.2
"1487",2006-10-05,"GL5_OUTLET","4","daily_dis_m3",1906.093676
"1488",2007-05-17,"GL5_OUTLET","4","daily_dis_m3",20341
"1489",2007-05-31,"GL5_OUTLET","4","daily_dis_m3",7600
"1490",2007-06-14,"GL5_OUTLET","4","daily_dis_m3",12536
"1491",2007-06-21,"GL5_OUTLET","4","daily_dis_m3",15007.5
"1492",2007-06-28,"GL5_OUTLET","4","daily_dis_m3",12135.4
"1493",2007-07-05,"GL5_OUTLET","4","daily_dis_m3",14785.3
"1494",2007-07-12,"GL5_OUTLET","4","daily_dis_m3",9765.59
"1495",2007-07-19,"GL5_OUTLET","4","daily_dis_m3",10663.5
"1496",2007-07-26,"GL5_OUTLET","4","daily_dis_m3",19234.9
"1497",2007-08-02,"GL5_OUTLET","4","daily_dis_m3",10010.1
"1498",2007-08-09,"GL5_OUTLET","4","daily_dis_m3",9502.23
"1499",2007-08-16,"GL5_OUTLET","4","daily_dis_m3",8418.6
"1500",2007-08-23,"GL5_OUTLET","4","daily_dis_m3",7215.4
"1501",2007-08-30,"GL5_OUTLET","4","daily_dis_m3",7373.24
"1502",2007-09-07,"GL5_OUTLET","4","daily_dis_m3",8715.08
"1503",2007-09-13,"GL5_OUTLET","4","daily_dis_m3",4568.74
"1504",2007-09-20,"GL5_OUTLET","4","daily_dis_m3",4568.01
"1505",2007-09-27,"GL5_OUTLET","4","daily_dis_m3",3962.23
"1506",2007-10-04,"GL5_OUTLET","4","daily_dis_m3",2795.9
"1507",2007-10-11,"GL5_OUTLET","4","daily_dis_m3",2256.9
"1508",2008-06-12,"GL5_OUTLET","4","daily_dis_m3",6759
"1509",2008-06-19,"GL5_OUTLET","4","daily_dis_m3",16756
"1510",2008-06-26,"GL5_OUTLET","4","daily_dis_m3",17871
"1511",2008-07-03,"GL5_OUTLET","4","daily_dis_m3",17307
"1512",2008-07-10,"GL5_OUTLET","4","daily_dis_m3",16975
"1513",2008-07-17,"GL5_OUTLET","4","daily_dis_m3",14284
"1514",2008-07-24,"GL5_OUTLET","4","daily_dis_m3",18423
"1515",2008-07-31,"GL5_OUTLET","4","daily_dis_m3",10851
"1516",2008-08-07,"GL5_OUTLET","4","daily_dis_m3",12782
"1517",2008-08-14,"GL5_OUTLET","4","daily_dis_m3",9061
"1518",2008-08-21,"GL5_OUTLET","4","daily_dis_m3",10658
"1519",2008-08-28,"GL5_OUTLET","4","daily_dis_m3",8102
"1520",2008-09-04,"GL5_OUTLET","4","daily_dis_m3",5453
"1521",2008-09-18,"GL5_OUTLET","4","daily_dis_m3",4145
"1522",2008-10-03,"GL5_OUTLET","4","daily_dis_m3",2740
"1523",2009-06-18,"GL5_OUTLET","4","daily_dis_m3",17971.1
"1524",2009-07-02,"GL5_OUTLET","4","daily_dis_m3",21286.5
"1525",2009-07-09,"GL5_OUTLET","4","daily_dis_m3",15999.3
"1526",2009-07-16,"GL5_OUTLET","4","daily_dis_m3",14320.9
"1527",2009-07-23,"GL5_OUTLET","4","daily_dis_m3",12432
"1528",2009-07-30,"GL5_OUTLET","4","daily_dis_m3",16234.7
"1529",2009-08-06,"GL5_OUTLET","4","daily_dis_m3",10813.4
"1530",2009-08-13,"GL5_OUTLET","4","daily_dis_m3",7425.1
"1531",2009-08-20,"GL5_OUTLET","4","daily_dis_m3",5792
"1532",2009-08-27,"GL5_OUTLET","4","daily_dis_m3",6906
"1533",2009-09-03,"GL5_OUTLET","4","daily_dis_m3",5281
"1534",2009-09-10,"GL5_OUTLET","4","daily_dis_m3",5168
"1535",2009-09-17,"GL5_OUTLET","4","daily_dis_m3",4277
"1536",2009-09-24,"GL5_OUTLET","4","daily_dis_m3",3002
"1537",2010-06-03,"GL5_OUTLET","4","daily_dis_m3",8868.951
"1538",2010-06-10,"GL5_OUTLET","4","daily_dis_m3",25799.04
"1539",2010-06-17,"GL5_OUTLET","4","daily_dis_m3",15258.3
"1540",2010-06-24,"GL5_OUTLET","4","daily_dis_m3",21354.2
"1541",2010-07-01,"GL5_OUTLET","4","daily_dis_m3",22655.4
"1542",2010-07-08,"GL5_OUTLET","4","daily_dis_m3",14775
"1543",2010-07-15,"GL5_OUTLET","4","daily_dis_m3",15220.3
"1544",2010-07-23,"GL5_OUTLET","4","daily_dis_m3",13050.2
"1545",2010-07-29,"GL5_OUTLET","4","daily_dis_m3",16042.1
"1546",2010-08-05,"GL5_OUTLET","4","daily_dis_m3",13484.9
"1547",2010-08-12,"GL5_OUTLET","4","daily_dis_m3",8962.4
"1548",2010-08-19,"GL5_OUTLET","4","daily_dis_m3",9463.2
"1549",2010-08-26,"GL5_OUTLET","4","daily_dis_m3",6918.6
"1550",2010-09-02,"GL5_OUTLET","4","daily_dis_m3",4964.3
"1551",2010-09-16,"GL5_OUTLET","4","daily_dis_m3",3228.4
"1552",2010-09-24,"GL5_OUTLET","4","daily_dis_m3",2629.351504
"1553",2011-07-21,"GL5_OUTLET","4","daily_dis_m3",24637
"1554",2011-07-26,"GL5_OUTLET","4","daily_dis_m3",22643
"1555",2011-07-28,"GL5_OUTLET","4","daily_dis_m3",20947
"1556",2011-08-02,"GL5_OUTLET","4","daily_dis_m3",26509
"1557",2011-08-09,"GL5_OUTLET","4","daily_dis_m3",13478
"1558",2011-08-16,"GL5_OUTLET","4","daily_dis_m3",13784
"1559",2011-08-23,"GL5_OUTLET","4","daily_dis_m3",12230
"1560",2011-08-30,"GL5_OUTLET","4","daily_dis_m3",16364
"1561",2011-09-06,"GL5_OUTLET","4","daily_dis_m3",9961
"1562",2011-09-13,"GL5_OUTLET","4","daily_dis_m3",7944
"1563",2011-09-20,"GL5_OUTLET","4","daily_dis_m3",6875
"1564",2011-09-27,"GL5_OUTLET","4","daily_dis_m3",3717
"1565",2012-05-15,"GL5_OUTLET","4","daily_dis_m3",8118
"1566",2012-05-22,"GL5_OUTLET","4","daily_dis_m3",7942
"1567",2012-05-29,"GL5_OUTLET","4","daily_dis_m3",5882
"1568",2012-06-05,"GL5_OUTLET","4","daily_dis_m3",16636
"1569",2012-06-12,"GL5_OUTLET","4","daily_dis_m3",9546.3
"1570",2012-06-19,"GL5_OUTLET","4","daily_dis_m3",11351.5
"1571",2012-06-26,"GL5_OUTLET","4","daily_dis_m3",12777.3
"1572",2012-07-03,"GL5_OUTLET","4","daily_dis_m3",15049.9
"1573",2012-07-10,"GL5_OUTLET","4","daily_dis_m3",12550.7
"1574",2012-07-17,"GL5_OUTLET","4","daily_dis_m3",14217.9
"1575",2012-07-24,"GL5_OUTLET","4","daily_dis_m3",23011.4
"1576",2012-07-31,"GL5_OUTLET","4","daily_dis_m3",13446.1
"1577",2012-08-07,"GL5_OUTLET","4","daily_dis_m3",8988.3
"1578",2012-08-14,"GL5_OUTLET","4","daily_dis_m3",7510.1
"1579",2012-08-21,"GL5_OUTLET","4","daily_dis_m3",6147.2
"1580",2012-08-28,"GL5_OUTLET","4","daily_dis_m3",6089.5
"1581",2012-09-06,"GL5_OUTLET","4","daily_dis_m3",5507.7
"1582",2012-09-11,"GL5_OUTLET","4","daily_dis_m3",7443.1
"1583",2012-09-18,"GL5_OUTLET","4","daily_dis_m3",5424
"1584",2012-09-25,"GL5_OUTLET","4","daily_dis_m3",2915.530634
"1585",2013-06-06,"GL5_OUTLET","4","daily_dis_m3",19872
"1586",2013-06-13,"GL5_OUTLET","4","daily_dis_m3",25266.0627
"1587",2013-06-20,"GL5_OUTLET","4","daily_dis_m3",18948
"1588",2013-06-27,"GL5_OUTLET","4","daily_dis_m3",21598
"1589",2013-07-04,"GL5_OUTLET","4","daily_dis_m3",17474
"1590",2013-07-11,"GL5_OUTLET","4","daily_dis_m3",16362
"1591",2013-07-18,"GL5_OUTLET","4","daily_dis_m3",16483
"1592",2013-07-25,"GL5_OUTLET","4","daily_dis_m3",12793
"1593",2013-08-01,"GL5_OUTLET","4","daily_dis_m3",10811
"1594",2013-08-08,"GL5_OUTLET","4","daily_dis_m3",7715
"1595",2013-08-15,"GL5_OUTLET","4","daily_dis_m3",9232
"1596",2013-08-22,"GL5_OUTLET","4","daily_dis_m3",8207
"1597",2013-08-29,"GL5_OUTLET","4","daily_dis_m3",17648
"1598",2013-09-05,"GL5_OUTLET","4","daily_dis_m3",8378
"1599",2013-09-18,"GL5_OUTLET","4","daily_dis_m3",11186
"1600",2013-09-26,"GL5_OUTLET","4","daily_dis_m3",7071
"1601",2013-10-03,"GL5_OUTLET","4","daily_dis_m3",4249.481223
"1602",2014-06-19,"GL5_OUTLET","4","daily_dis_m3",14837.15726
"1603",2014-06-26,"GL5_OUTLET","4","daily_dis_m3",18647.86143
"1604",2014-07-03,"GL5_OUTLET","4","daily_dis_m3",19652.19749
"1605",2014-07-10,"GL5_OUTLET","4","daily_dis_m3",20460.04453
"1606",2014-07-17,"GL5_OUTLET","4","daily_dis_m3",17999.60655
"1607",2014-07-31,"GL5_OUTLET","4","daily_dis_m3",22026.66049
"1608",2014-08-07,"GL5_OUTLET","4","daily_dis_m3",10804.71885
"1609",2014-08-14,"GL5_OUTLET","4","daily_dis_m3",9807.44439
"1610",2014-08-21,"GL5_OUTLET","4","daily_dis_m3",7963.57236
"1611",2014-08-28,"GL5_OUTLET","4","daily_dis_m3",15849.7907
"1612",2014-09-04,"GL5_OUTLET","4","daily_dis_m3",7575.62571
"1613",2014-09-11,"GL5_OUTLET","4","daily_dis_m3",12087.19368
"1614",2014-09-18,"GL5_OUTLET","4","daily_dis_m3",6512.704851
"1615",2014-09-25,"GL5_OUTLET","4","daily_dis_m3",8048.4881
"1616",2014-10-09,"GL5_OUTLET","4","daily_dis_m3",6307.646938
"1617",2015-06-25,"GL5_OUTLET","4","daily_dis_m3",22181.59648
"1618",2015-07-02,"GL5_OUTLET","4","daily_dis_m3",20691.6128
"1619",2015-07-09,"GL5_OUTLET","4","daily_dis_m3",28022.80704
"1620",2015-07-23,"GL5_OUTLET","4","daily_dis_m3",12138.6736
"1621",2015-08-06,"GL5_OUTLET","4","daily_dis_m3",8291.32256
"1622",2015-08-20,"GL5_OUTLET","4","daily_dis_m3",7578.43424
"1623",2015-08-27,"GL5_OUTLET","4","daily_dis_m3",13064.46848
"1624",2015-09-10,"GL5_OUTLET","4","daily_dis_m3",6716.48416
"1625",2015-09-24,"GL5_OUTLET","4","daily_dis_m3",2836.44096
"1626",2017-06-22,"GL5_OUTLET","4","daily_dis_m3",23736
"1627",2017-06-29,"GL5_OUTLET","4","daily_dis_m3",17746
"1628",2017-07-06,"GL5_OUTLET","4","daily_dis_m3",16552
"1629",2017-07-13,"GL5_OUTLET","4","daily_dis_m3",19188
"1630",2017-07-20,"GL5_OUTLET","4","daily_dis_m3",17499
"1631",2017-07-27,"GL5_OUTLET","4","daily_dis_m3",19536
"1632",2017-08-03,"GL5_OUTLET","4","daily_dis_m3",13492
"1633",2017-08-10,"GL5_OUTLET","4","daily_dis_m3",12408
"1634",2017-08-24,"GL5_OUTLET","4","daily_dis_m3",8108
"1635",2017-08-31,"GL5_OUTLET","4","daily_dis_m3",6917
"1636",2017-09-14,"GL5_OUTLET","4","daily_dis_m3",6079
"1637",2017-09-21,"GL5_OUTLET","4","daily_dis_m3",3303.398899
"1638",2017-09-28,"GL5_OUTLET","4","daily_dis_m3",2671.745763
"1639",2019-10-03,"ALB_CAMP","15","mean_temp_C",6.79795
"1640",2019-10-24,"ALB_CAMP","15","mean_temp_C",0.4841
"1641",2019-11-19,"ALB_CAMP","15","mean_temp_C",1.02207
"1642",2019-12-19,"ALB_CAMP","15","mean_temp_C",0.42417
"1643",2020-01-07,"ALB_CAMP","15","mean_temp_C",0.2856
"1644",2020-03-12,"ALB_CAMP","15","mean_temp_C",0.38702
"1645",2020-04-23,"ALB_CAMP","15","mean_temp_C",0.71054
"1646",2020-05-13,"ALB_CAMP","15","mean_temp_C",3.32419
"1647",2020-05-28,"ALB_CAMP","15","mean_temp_C",3.54756
"1648",2020-06-11,"ALB_CAMP","15","mean_temp_C",5.25835
"1649",2020-06-18,"ALB_CAMP","15","mean_temp_C",5.14741
"1650",2020-06-25,"ALB_CAMP","15","mean_temp_C",6.82586
"1651",2020-06-30,"ALB_CAMP","15","mean_temp_C",7.76238
"1652",2020-07-07,"ALB_CAMP","15","mean_temp_C",9.695
"1653",2020-07-23,"ALB_CAMP","15","mean_temp_C",11.98757
"1654",2020-08-04,"ALB_CAMP","15","mean_temp_C",12.30069
"1655",2020-08-27,"ALB_CAMP","15","mean_temp_C",12.63181
"1656",2020-09-15,"ALB_CAMP","15","mean_temp_C",8.56856
"1657",2020-09-24,"ALB_CAMP","15","mean_temp_C",8.18123
"1658",2020-10-08,"ALB_CAMP","15","mean_temp_C",5.81577
"1659",2020-11-05,"ALB_CAMP","15","mean_temp_C",1.76253
"1660",2019-09-24,"GL4_OUTLET","7","mean_temp_C",6.473174
"1661",2019-10-03,"GL4_OUTLET","7","mean_temp_C",6.413694
"1662",2019-10-17,"GL4_OUTLET","7","mean_temp_C",0.605813
"1663",2019-11-14,"GL4_OUTLET","7","mean_temp_C",0.78625
"1664",2020-01-16,"GL4_OUTLET","7","mean_temp_C",0.509167
"1665",2020-02-11,"GL4_OUTLET","7","mean_temp_C",0.569917
"1666",2020-03-05,"GL4_OUTLET","7","mean_temp_C",0.444681
"1667",2020-04-30,"GL4_OUTLET","7","mean_temp_C",0.42384
"1668",2020-06-04,"GL4_OUTLET","7","mean_temp_C",1.614701
"1669",2020-06-11,"GL4_OUTLET","7","mean_temp_C",1.595076
"1670",2020-06-18,"GL4_OUTLET","7","mean_temp_C",2.805201
"1671",2020-06-25,"GL4_OUTLET","7","mean_temp_C",3.4465
"1672",2020-06-30,"GL4_OUTLET","7","mean_temp_C",4.150563
"1673",2020-07-07,"GL4_OUTLET","7","mean_temp_C",7.260368
"1674",2020-07-23,"GL4_OUTLET","7","mean_temp_C",11.057889
"1675",2020-08-04,"GL4_OUTLET","7","mean_temp_C",11.721271
"1676",2020-08-27,"GL4_OUTLET","7","mean_temp_C",12.248201
"1677",2020-09-10,"GL4_OUTLET","7","mean_temp_C",7.203097
"1678",2020-09-24,"GL4_OUTLET","7","mean_temp_C",7.428458
"1679",2020-10-08,"GL4_OUTLET","7","mean_temp_C",4.41967
"1680",2020-11-05,"GL4_OUTLET","7","mean_temp_C",2.07576
